mode,threads,thread_oversub,shape_class,tensor_shape,input_shape_a,input_shape_b,depth,storage_size_input,storage_size_output,sparsity,omp_schedule,omp_chunk,input_mem_mib,working_set_mem_mib,dense_equiv_working_set_mem_mib,time_sec,iterations,time_per_iteration,speedup_vs_serial,gflops,dense_slices,sparse_slices,dense_sec,sparse_sec,work_units_total,work_units_dense,work_units_sparse,max_thread_work,min_thread_work,thread_work_imbalance,max_thread_time,min_thread_time,thread_time_imbalance,gpu_assigned_slices,cpu_assigned_slices,gpu_assigned_work,cpu_assigned_work,gpu_assigned_ratio,partition_load_imbalance,input_slices_ell,input_slices_coo,input_dense_mem_mib,input_coo_mem_mib,input_ell_mem_mib,input_active_mem_mib,input_compression_dense_to_coo,input_compression_dense_to_ell,input_compression_dense_to_active,input_ell_slot_utilization
serial,1,0,square,100x100x3,100x100x3,100x100x3,3,60000,30000,0.99,none,0,0.014,0.014,0.687,0.000202519,326,0.0000006212,1.0,0.0032194510,0,3,0,9.7893e-05,606,0,606,0,0,0,0,0,0,0,3,0,606,0,0,0,3,0.228882,0.00686646,0.0148773,0.00686646,33.3333,15.3846,33.3333,0.230769
cuda,1,0,square,100x100x3,100x100x3,100x100x3,3,60000,30000,0.99,none,0,0.014,0.014,0.687,0.000181284,326,0.0000005561,1.1171366475,0.0035965667,0,3,0,7.2242e-05,606,0,606,0,0,0,0,0,0,0,3,0,606,0,0,0,3,0.228882,0.00686646,0.0148773,0.00686646,33.3333,15.3846,33.3333,0.230769
omp,1,0,square,100x100x3,100x100x3,100x100x3,3,60000,30000,0.99,dynamic,0,0.014,0.014,0.687,0.000262356,326,0.0000008048,0.7719244081,0.0024851728,0,3,0,0.000107967,606,0,606,606,606,0,0.000107967,0.000107967,0,0,3,0,606,0,0,0,3,0.228882,0.00686646,0.0148773,0.00686646,33.3333,15.3846,33.3333,0.230769
omp,2,0,square,100x100x3,100x100x3,100x100x3,3,60000,30000,0.99,dynamic,0,0.014,0.014,0.687,0.000234083,326,0.0000007180,0.8651589394,0.0027853368,0,3,0,0.000121889,606,0,606,404,202,1,7.5868e-05,4.6021e-05,0.648552,0,3,0,606,0,0,0,3,0.228882,0.00686646,0.0148773,0.00686646,33.3333,15.3846,33.3333,0.230769
omp,4,0,square,100x100x3,100x100x3,100x100x3,3,60000,30000,0.99,dynamic,0,0.014,0.014,0.687,0.000242589,326,0.0000007441,0.8348235081,0.0026876734,0,3,0,0.000154088,606,0,606,202,202,0,6.5325e-05,4.1335e-05,0.58038,0,3,0,606,0,0,0,3,0.228882,0.00686646,0.0148773,0.00686646,33.3333,15.3846,33.3333,0.230769
omp,8,0,square,100x100x3,100x100x3,100x100x3,3,60000,30000,0.99,dynamic,0,0.014,0.014,0.687,0.000344042,326,0.0000010553,0.5886461537,0.0018951175,0,3,0,0.00024509,606,0,606,202,202,0,8.7375e-05,7.1021e-05,0.23027,0,3,0,606,0,0,0,3,0.228882,0.00686646,0.0148773,0.00686646,33.3333,15.3846,33.3333,0.230769
omp,16,0,square,100x100x3,100x100x3,100x100x3,3,60000,30000,0.99,dynamic,0,0.014,0.014,0.687,0.000497548,326,0.0000015262,0.4070340952,0.0013104263,0,3,0,0.000261799,606,0,606,202,202,0,8.8746e-05,8.5155e-05,0.0421702,0,3,0,606,0,0,0,3,0.228882,0.00686646,0.0148773,0.00686646,33.3333,15.3846,33.3333,0.230769
omp,32,0,square,100x100x3,100x100x3,100x100x3,3,60000,30000,0.99,dynamic,0,0.014,0.014,0.687,0.00138509,326,0.0000042487,0.1462136034,0.0004707275,0,3,0,0.000238178,606,0,606,202,202,0,8.3429e-05,7.6413e-05,0.0918168,0,3,0,606,0,0,0,3,0.228882,0.00686646,0.0148773,0.00686646,33.3333,15.3846,33.3333,0.230769
omp,36,0,square,100x100x3,100x100x3,100x100x3,3,60000,30000,0.99,dynamic,0,0.014,0.014,0.687,0.000882244,326,0.0000027063,0.2295498751,0.0007390246,0,3,0,0.000270174,606,0,606,202,202,0,9.2103e-05,8.7943e-05,0.0473034,0,3,0,606,0,0,0,3,0.228882,0.00686646,0.0148773,0.00686646,33.3333,15.3846,33.3333,0.230769
omp,64,1,square,100x100x3,100x100x3,100x100x3,3,60000,30000,0.99,dynamic,0,0.014,0.014,0.687,0.00143238,326,0.0000043938,0.1413863640,0.0004551865,0,3,0,0.000335372,606,0,606,202,202,0,0.000118424,9.898e-05,0.196444,0,3,0,606,0,0,0,3,0.228882,0.00686646,0.0148773,0.00686646,33.3333,15.3846,33.3333,0.230769
omp,72,1,square,100x100x3,100x100x3,100x100x3,3,60000,30000,0.99,dynamic,0,0.014,0.014,0.687,0.00160378,326,0.0000049196,0.1262760478,0.0004065396,0,3,0,0.00021236,606,0,606,202,202,0,7.3828e-05,6.7485e-05,0.0939913,0,3,0,606,0,0,0,3,0.228882,0.00686646,0.0148773,0.00686646,33.3333,15.3846,33.3333,0.230769
hybrid,1,0,square,100x100x3,100x100x3,100x100x3,3,60000,30000,0.99,dynamic,0,0.014,0.014,0.687,0.000181773,326,0.0000005576,1.1141313616,0.0035868913,0,3,0,7.5626e-05,606,0,606,606,606,0,7.5626e-05,7.5626e-05,0,0,3,0,606,0,0,0,3,0.228882,0.00686646,0.0148773,0.00686646,33.3333,15.3846,33.3333,0.230769
hybrid,2,0,square,100x100x3,100x100x3,100x100x3,3,60000,30000,0.99,dynamic,0,0.014,0.014,0.687,0.000191791,326,0.0000005883,1.0559358885,0.0033995339,0,3,0,9.1908e-05,606,0,606,404,202,1,5.627e-05,3.5638e-05,0.578933,0,3,0,606,0,0,0,3,0.228882,0.00686646,0.0148773,0.00686646,33.3333,15.3846,33.3333,0.230769
hybrid,4,0,square,100x100x3,100x100x3,100x100x3,3,60000,30000,0.99,dynamic,0,0.014,0.014,0.687,0.000299532,326,0.0000009188,0.6761180775,0.0021767290,0,3,0,0.00012196,606,0,606,202,202,0,5.3906e-05,3.3962e-05,0.587245,0,3,0,606,0,0,0,3,0.228882,0.00686646,0.0148773,0.00686646,33.3333,15.3846,33.3333,0.230769
hybrid,8,0,square,100x100x3,100x100x3,100x100x3,3,60000,30000,0.99,dynamic,0,0.014,0.014,0.687,0.0015916,326,0.0000048822,0.1272423976,0.0004096507,0,3,0,0.000118427,606,0,606,202,202,0,4.0349e-05,3.7938e-05,0.0635511,0,3,0,606,0,0,0,3,0.228882,0.00686646,0.0148773,0.00686646,33.3333,15.3846,33.3333,0.230769
hybrid,16,0,square,100x100x3,100x100x3,100x100x3,3,60000,30000,0.99,dynamic,0,0.014,0.014,0.687,0.000717399,326,0.0000022006,0.2822961839,0.0009088387,0,3,0,0.000221289,606,0,606,202,202,0,8.6177e-05,4.9308e-05,0.747729,0,3,0,606,0,0,0,3,0.228882,0.00686646,0.0148773,0.00686646,33.3333,15.3846,33.3333,0.230769
hybrid,32,0,square,100x100x3,100x100x3,100x100x3,3,60000,30000,0.99,dynamic,0,0.014,0.014,0.687,0.0028369,326,0.0000087021,0.0713874299,0.0002298283,0,3,0,0.000265032,606,0,606,202,202,0,9.1431e-05,8.5651e-05,0.0674832,0,3,0,606,0,0,0,3,0.228882,0.00686646,0.0148773,0.00686646,33.3333,15.3846,33.3333,0.230769
hybrid,36,0,square,100x100x3,100x100x3,100x100x3,3,60000,30000,0.99,dynamic,0,0.014,0.014,0.687,0.00123318,326,0.0000037828,0.1642250118,0.0005287144,0,3,0,0.00029574,606,0,606,202,202,0,0.000106602,9.292e-05,0.147245,0,3,0,606,0,0,0,3,0.228882,0.00686646,0.0148773,0.00686646,33.3333,15.3846,33.3333,0.230769
hybrid,64,1,square,100x100x3,100x100x3,100x100x3,3,60000,30000,0.99,dynamic,0,0.014,0.014,0.687,0.00203087,326,0.0000062297,0.0997203169,0.0003210447,0,3,0,0.000307266,606,0,606,202,202,0,0.000117118,8.017e-05,0.460871,0,3,0,606,0,0,0,3,0.228882,0.00686646,0.0148773,0.00686646,33.3333,15.3846,33.3333,0.230769
hybrid,72,1,square,100x100x3,100x100x3,100x100x3,3,60000,30000,0.99,dynamic,0,0.014,0.014,0.687,0.00223996,326,0.0000068710,0.0904118824,0.0002910766,0,3,0,0.000321501,606,0,606,202,202,0,0.000111388,0.000101241,0.100226,0,3,0,606,0,0,0,3,0.228882,0.00686646,0.0148773,0.00686646,33.3333,15.3846,33.3333,0.230769
serial,1,0,tall,200x100x3,200x100x3,100x100x3,3,90000,60000,0.99,none,0,0.021,0.021,1.144,0.000358581,569,0.0000006302,1.0,0.0031736205,0,3,0,0.000162658,909,0,909,0,0,0,0,0,0,0,3,0,909,0,0,0,3,0.457764,0.0137329,0.0320435,0.0137329,33.3333,14.2857,33.3333,0.214286
cuda,1,0,tall,200x100x3,200x100x3,100x100x3,3,90000,60000,0.99,none,0,0.021,0.021,1.144,0.000261126,569,0.0000004589,1.3732106339,0.0043580494,0,3,0,0.000109679,909,0,909,0,0,0,0,0,0,0,3,0,909,0,0,0,3,0.457764,0.0137329,0.0320435,0.0137329,33.3333,14.2857,33.3333,0.214286
omp,1,0,tall,200x100x3,200x100x3,100x100x3,3,90000,60000,0.99,dynamic,0,0.021,0.021,1.144,0.000260596,569,0.0000004580,1.3760034690,0.0043669128,0,3,0,0.00011188,909,0,909,909,909,0,0.00011188,0.00011188,0,0,3,0,909,0,0,0,3,0.457764,0.0137329,0.0320435,0.0137329,33.3333,14.2857,33.3333,0.214286
omp,2,0,tall,200x100x3,200x100x3,100x100x3,3,90000,60000,0.99,dynamic,0,0.021,0.021,1.144,0.000330662,569,0.0000005811,1.0844336513,0.0034415808,0,3,0,0.000185064,909,0,909,606,303,1,0.000120439,6.4625e-05,0.86366,0,3,0,909,0,0,0,3,0.457764,0.0137329,0.0320435,0.0137329,33.3333,14.2857,33.3333,0.214286
omp,4,0,tall,200x100x3,200x100x3,100x100x3,3,90000,60000,0.99,dynamic,0,0.021,0.021,1.144,0.000313572,569,0.0000005511,1.1435364127,0.0036291506,0,3,0,0.000224899,909,0,909,303,303,0,0.000100255,6.1885e-05,0.620021,0,3,0,909,0,0,0,3,0.457764,0.0137329,0.0320435,0.0137329,33.3333,14.2857,33.3333,0.214286
omp,8,0,tall,200x100x3,200x100x3,100x100x3,3,90000,60000,0.99,dynamic,0,0.021,0.021,1.144,0.000404626,569,0.0000007111,0.8862035559,0.0028124737,0,3,0,0.000277405,909,0,909,303,303,0,0.000109057,6.2837e-05,0.735554,0,3,0,909,0,0,0,3,0.457764,0.0137329,0.0320435,0.0137329,33.3333,14.2857,33.3333,0.214286
omp,16,0,tall,200x100x3,200x100x3,100x100x3,3,90000,60000,0.99,dynamic,0,0.021,0.021,1.144,0.000561186,569,0.0000009863,0.6389699672,0.0020278482,0,3,0,0.000366321,909,0,909,303,303,0,0.000125618,0.000117317,0.070757,0,3,0,909,0,0,0,3,0.457764,0.0137329,0.0320435,0.0137329,33.3333,14.2857,33.3333,0.214286
omp,32,0,tall,200x100x3,200x100x3,100x100x3,3,90000,60000,0.99,dynamic,0,0.021,0.021,1.144,0.000868055,569,0.0000015256,0.4130855764,0.0013109768,0,3,0,0.000287284,909,0,909,303,303,0,0.000111354,6.7033e-05,0.661182,0,3,0,909,0,0,0,3,0.457764,0.0137329,0.0320435,0.0137329,33.3333,14.2857,33.3333,0.214286
omp,36,0,tall,200x100x3,200x100x3,100x100x3,3,90000,60000,0.99,dynamic,0,0.021,0.021,1.144,0.000967186,569,0.0000016998,0.3707466816,0.0011766093,0,3,0,0.000358206,909,0,909,303,303,0,0.000122487,0.000114376,0.0709152,0,3,0,909,0,0,0,3,0.457764,0.0137329,0.0320435,0.0137329,33.3333,14.2857,33.3333,0.214286
omp,64,1,tall,200x100x3,200x100x3,100x100x3,3,90000,60000,0.99,dynamic,0,0.021,0.021,1.144,0.00150218,569,0.0000026400,0.2387070790,0.0007575657,0,3,0,0.000367014,909,0,909,303,303,0,0.000141383,9.4465e-05,0.496671,0,3,0,909,0,0,0,3,0.457764,0.0137329,0.0320435,0.0137329,33.3333,14.2857,33.3333,0.214286
omp,72,1,tall,200x100x3,200x100x3,100x100x3,3,90000,60000,0.99,dynamic,0,0.021,0.021,1.144,0.00171695,569,0.0000030175,0.2088476659,0.0006628032,0,3,0,0.000425061,909,0,909,303,303,0,0.000143413,0.000140744,0.0189635,0,3,0,909,0,0,0,3,0.457764,0.0137329,0.0320435,0.0137329,33.3333,14.2857,33.3333,0.214286
hybrid,1,0,tall,200x100x3,200x100x3,100x100x3,3,90000,60000,0.99,dynamic,0,0.021,0.021,1.144,0.000340198,569,0.0000005979,1.0540361789,0.0033451108,0,3,0,0.000148151,909,0,909,909,909,0,0.000148151,0.000148151,0,0,3,0,909,0,0,0,3,0.457764,0.0137329,0.0320435,0.0137329,33.3333,14.2857,33.3333,0.214286
hybrid,2,0,tall,200x100x3,200x100x3,100x100x3,3,90000,60000,0.99,dynamic,0,0.021,0.021,1.144,0.000365642,569,0.0000006426,0.9806887611,0.0031123339,0,3,0,0.000134872,909,0,909,606,303,1,8.6929e-05,4.7943e-05,0.813174,0,3,0,909,0,0,0,3,0.457764,0.0137329,0.0320435,0.0137329,33.3333,14.2857,33.3333,0.214286
hybrid,4,0,tall,200x100x3,200x100x3,100x100x3,3,90000,60000,0.99,dynamic,0,0.021,0.021,1.144,0.000397414,569,0.0000006984,0.9022857776,0.0028635126,0,3,0,0.000164871,909,0,909,303,303,0,7.8707e-05,4.1876e-05,0.879525,0,3,0,909,0,0,0,3,0.457764,0.0137329,0.0320435,0.0137329,33.3333,14.2857,33.3333,0.214286
hybrid,8,0,tall,200x100x3,200x100x3,100x100x3,3,90000,60000,0.99,dynamic,0,0.021,0.021,1.144,0.000506434,569,0.0000008900,0.7080508023,0.0022470845,0,3,0,0.000243605,909,0,909,303,303,0,0.000100469,5.2208e-05,0.924399,0,3,0,909,0,0,0,3,0.457764,0.0137329,0.0320435,0.0137329,33.3333,14.2857,33.3333,0.214286
hybrid,16,0,tall,200x100x3,200x100x3,100x100x3,3,90000,60000,0.99,dynamic,0,0.021,0.021,1.144,0.000750094,569,0.0000013183,0.4780480846,0.0015171432,0,3,0,0.000244394,909,0,909,303,303,0,9.7624e-05,5.4584e-05,0.788509,0,3,0,909,0,0,0,3,0.457764,0.0137329,0.0320435,0.0137329,33.3333,14.2857,33.3333,0.214286
hybrid,32,0,tall,200x100x3,200x100x3,100x100x3,3,90000,60000,0.99,dynamic,0,0.021,0.021,1.144,0.00113904,569,0.0000020018,0.3148098399,0.0009990870,0,3,0,0.000281722,909,0,909,303,303,0,0.000115049,5.8094e-05,0.980394,0,3,0,909,0,0,0,3,0.457764,0.0137329,0.0320435,0.0137329,33.3333,14.2857,33.3333,0.214286
hybrid,36,0,tall,200x100x3,200x100x3,100x100x3,3,90000,60000,0.99,dynamic,0,0.021,0.021,1.144,0.00127932,569,0.0000022484,0.2802903105,0.0008895351,0,3,0,0.000385961,909,0,909,303,303,0,0.000135386,0.000121009,0.118809,0,3,0,909,0,0,0,3,0.457764,0.0137329,0.0320435,0.0137329,33.3333,14.2857,33.3333,0.214286
hybrid,64,1,tall,200x100x3,200x100x3,100x100x3,3,90000,60000,0.99,dynamic,0,0.021,0.021,1.144,0.00210913,569,0.0000037067,0.1700137023,0.0005395590,0,3,0,0.000345143,909,0,909,303,303,0,0.000136763,8.7954e-05,0.554938,0,3,0,909,0,0,0,3,0.457764,0.0137329,0.0320435,0.0137329,33.3333,14.2857,33.3333,0.214286
hybrid,72,1,tall,200x100x3,200x100x3,100x100x3,3,90000,60000,0.99,dynamic,0,0.021,0.021,1.144,0.00230629,569,0.0000040532,0.1554795798,0.0004934332,0,3,0,0.000472969,909,0,909,303,303,0,0.000163508,0.000148404,0.101776,0,3,0,909,0,0,0,3,0.457764,0.0137329,0.0320435,0.0137329,33.3333,14.2857,33.3333,0.214286
serial,1,0,wide,100x200x3,100x100x3,100x200x3,3,90000,60000,0.99,none,0,0.021,0.021,1.144,0.000407408,613,0.0000006646,1.0,0.0030092684,0,3,0,0.000182201,909,0,909,0,0,0,0,0,0,0,3,0,909,0,0,0,3,0.228882,0.00686646,0.0148773,0.00686646,33.3333,15.3846,33.3333,0.230769
cuda,1,0,wide,100x200x3,100x100x3,100x200x3,3,90000,60000,0.99,none,0,0.021,0.021,1.144,0.000295827,613,0.0000004826,1.3771832862,0.0041443141,0,3,0,0.000127779,909,0,909,0,0,0,0,0,0,0,3,0,909,0,0,0,3,0.228882,0.00686646,0.0148773,0.00686646,33.3333,15.3846,33.3333,0.230769
omp,1,0,wide,100x200x3,100x100x3,100x200x3,3,90000,60000,0.99,dynamic,0,0.021,0.021,1.144,0.000408007,613,0.0000006656,0.9985318879,0.0030048504,0,3,0,0.000176902,909,0,909,909,909,0,0.000176902,0.000176902,0,0,3,0,909,0,0,0,3,0.228882,0.00686646,0.0148773,0.00686646,33.3333,15.3846,33.3333,0.230769
omp,2,0,wide,100x200x3,100x100x3,100x200x3,3,90000,60000,0.99,dynamic,0,0.021,0.021,1.144,0.000367938,613,0.0000006002,1.1072735080,0.0033320831,0,3,0,0.000205909,909,0,909,606,303,1,0.000136566,6.9343e-05,0.969427,0,3,0,909,0,0,0,3,0.228882,0.00686646,0.0148773,0.00686646,33.3333,15.3846,33.3333,0.230769
omp,4,0,wide,100x200x3,100x100x3,100x200x3,3,90000,60000,0.99,dynamic,0,0.021,0.021,1.144,0.000292456,613,0.0000004771,1.3930574172,0.0041920836,0,3,0,0.000216391,909,0,909,303,303,0,7.4391e-05,6.9488e-05,0.0705589,0,3,0,909,0,0,0,3,0.228882,0.00686646,0.0148773,0.00686646,33.3333,15.3846,33.3333,0.230769
omp,8,0,wide,100x200x3,100x100x3,100x200x3,3,90000,60000,0.99,dynamic,0,0.021,0.021,1.144,0.000415613,613,0.0000006780,0.9802580766,0.0029498596,0,3,0,0.000297712,909,0,909,303,303,0,0.000114366,7.0549e-05,0.621086,0,3,0,909,0,0,0,3,0.228882,0.00686646,0.0148773,0.00686646,33.3333,15.3846,33.3333,0.230769
omp,16,0,wide,100x200x3,100x100x3,100x200x3,3,90000,60000,0.99,dynamic,0,0.021,0.021,1.144,0.000581975,613,0.0000009494,0.7000438163,0.0021066197,0,3,0,0.000309928,909,0,909,303,303,0,0.000119921,7.1618e-05,0.674453,0,3,0,909,0,0,0,3,0.228882,0.00686646,0.0148773,0.00686646,33.3333,15.3846,33.3333,0.230769
omp,32,0,wide,100x200x3,100x100x3,100x200x3,3,90000,60000,0.99,dynamic,0,0.021,0.021,1.144,0.000915517,613,0.0000014935,0.4450032058,0.0013391341,0,3,0,0.000387551,909,0,909,303,303,0,0.000130624,0.000127366,0.0255798,0,3,0,909,0,0,0,3,0.228882,0.00686646,0.0148773,0.00686646,33.3333,15.3846,33.3333,0.230769
omp,36,0,wide,100x200x3,100x100x3,100x200x3,3,90000,60000,0.99,dynamic,0,0.021,0.021,1.144,0.00102422,613,0.0000016708,0.3977739158,0.0011970085,0,3,0,0.000308963,909,0,909,303,303,0,0.00011997,7.4667e-05,0.606734,0,3,0,909,0,0,0,3,0.228882,0.00686646,0.0148773,0.00686646,33.3333,15.3846,33.3333,0.230769
omp,64,1,wide,100x200x3,100x100x3,100x200x3,3,90000,60000,0.99,dynamic,0,0.021,0.021,1.144,0.00292248,613,0.0000047675,0.1394048890,0.0004195067,0,3,0,0.000362208,909,0,909,303,303,0,0.000141462,0.000107474,0.316244,0,3,0,909,0,0,0,3,0.228882,0.00686646,0.0148773,0.00686646,33.3333,15.3846,33.3333,0.230769
omp,72,1,wide,100x200x3,100x100x3,100x200x3,3,90000,60000,0.99,dynamic,0,0.021,0.021,1.144,0.0016421,613,0.0000026788,0.2481018208,0.0007466050,0,3,0,0.00035638,909,0,909,303,303,0,0.000133183,9.3043e-05,0.431413,0,3,0,909,0,0,0,3,0.228882,0.00686646,0.0148773,0.00686646,33.3333,15.3846,33.3333,0.230769
hybrid,1,0,wide,100x200x3,100x100x3,100x200x3,3,90000,60000,0.99,dynamic,0,0.021,0.021,1.144,0.000293117,613,0.0000004782,1.3899159721,0.0041826301,0,3,0,0.000129583,909,0,909,909,909,0,0.000129583,0.000129583,0,0,3,0,909,0,0,0,3,0.228882,0.00686646,0.0148773,0.00686646,33.3333,15.3846,33.3333,0.230769
hybrid,2,0,wide,100x200x3,100x100x3,100x200x3,3,90000,60000,0.99,dynamic,0,0.021,0.021,1.144,0.000294815,613,0.0000004809,1.3819106898,0.0041585401,0,3,0,0.000145368,909,0,909,606,303,1,9.6347e-05,4.9021e-05,0.965423,0,3,0,909,0,0,0,3,0.228882,0.00686646,0.0148773,0.00686646,33.3333,15.3846,33.3333,0.230769
hybrid,4,0,wide,100x200x3,100x100x3,100x200x3,3,90000,60000,0.99,dynamic,0,0.021,0.021,1.144,0.000411702,613,0.0000006716,0.9895701260,0.0029778821,0,3,0,0.000184904,909,0,909,303,303,0,8.1032e-05,4.9921e-05,0.623205,0,3,0,909,0,0,0,3,0.228882,0.00686646,0.0148773,0.00686646,33.3333,15.3846,33.3333,0.230769
hybrid,8,0,wide,100x200x3,100x100x3,100x200x3,3,90000,60000,0.99,dynamic,0,0.021,0.021,1.144,0.000497863,613,0.0000008122,0.8183134718,0.0024625248,0,3,0,0.000224789,909,0,909,303,303,0,9.0718e-05,4.7586e-05,0.906401,0,3,0,909,0,0,0,3,0.228882,0.00686646,0.0148773,0.00686646,33.3333,15.3846,33.3333,0.230769
hybrid,16,0,wide,100x200x3,100x100x3,100x200x3,3,90000,60000,0.99,dynamic,0,0.021,0.021,1.144,0.000784868,613,0.0000012804,0.5190783673,0.0015620461,0,3,0,0.000374675,909,0,909,303,303,0,0.000127522,0.000121009,0.0538224,0,3,0,909,0,0,0,3,0.228882,0.00686646,0.0148773,0.00686646,33.3333,15.3846,33.3333,0.230769
hybrid,32,0,wide,100x200x3,100x100x3,100x200x3,3,90000,60000,0.99,dynamic,0,0.021,0.021,1.144,0.00117474,613,0.0000019164,0.3468069530,0.0010436352,0,3,0,0.000405294,909,0,909,303,303,0,0.000135995,0.000134426,0.0116718,0,3,0,909,0,0,0,3,0.228882,0.00686646,0.0148773,0.00686646,33.3333,15.3846,33.3333,0.230769
hybrid,36,0,wide,100x200x3,100x100x3,100x200x3,3,90000,60000,0.99,dynamic,0,0.021,0.021,1.144,0.00128182,613,0.0000020911,0.3178355775,0.0009564525,0,3,0,0.000396786,909,0,909,303,303,0,0.000136436,0.000129335,0.0549039,0,3,0,909,0,0,0,3,0.228882,0.00686646,0.0148773,0.00686646,33.3333,15.3846,33.3333,0.230769
hybrid,64,1,wide,100x200x3,100x100x3,100x200x3,3,90000,60000,0.99,dynamic,0,0.021,0.021,1.144,0.00218375,613,0.0000035624,0.1865634803,0.0005614196,0,3,0,0.000511466,909,0,909,303,303,0,0.00017942,0.000152752,0.174584,0,3,0,909,0,0,0,3,0.228882,0.00686646,0.0148773,0.00686646,33.3333,15.3846,33.3333,0.230769
hybrid,72,1,wide,100x200x3,100x100x3,100x200x3,3,90000,60000,0.99,dynamic,0,0.021,0.021,1.144,0.00231738,613,0.0000037804,0.1758054354,0.0005290457,0,3,0,0.000334931,909,0,909,303,303,0,0.00012903,0.000100879,0.279057,0,3,0,909,0,0,0,3,0.228882,0.00686646,0.0148773,0.00686646,33.3333,15.3846,33.3333,0.230769
serial,1,0,square,250x250x5,250x250x5,250x250x5,5,625000,312500,0.99,none,0,0.143,0.144,7.153,0.00366717,7757,0.0000004728,1.0,0.0042305102,0,5,0,0.00155862,6312.5,0,6312.5,0,0,0,0,0,0,0,5,0,6312.5,0,0,0,5,2.38419,0.0715256,0.120163,0.0715256,33.3333,19.8413,33.3333,0.297619
cuda,1,0,square,250x250x5,250x250x5,250x250x5,5,625000,312500,0.99,none,0,0.143,0.144,7.153,0.00290678,7757,0.0000003747,1.2615918645,0.0053371772,0,5,0,0.00135202,6312.5,0,6312.5,0,0,0,0,0,0,0,5,0,6312.5,0,0,0,5,2.38419,0.0715256,0.120163,0.0715256,33.3333,19.8413,33.3333,0.297619
omp,1,0,square,250x250x5,250x250x5,250x250x5,5,625000,312500,0.99,dynamic,0,0.143,0.144,7.153,0.0039104,7757,0.0000005041,0.9377992021,0.0039673691,0,5,0,0.00178394,6312.5,0,6312.5,6312.5,6312.5,0,0.00178394,0.00178394,0,0,5,0,6312.5,0,0,0,5,2.38419,0.0715256,0.120163,0.0715256,33.3333,19.8413,33.3333,0.297619
omp,2,0,square,250x250x5,250x250x5,250x250x5,5,625000,312500,0.99,dynamic,0,0.143,0.144,7.153,0.00277185,7757,0.0000003573,1.3230044916,0.0055969840,0,5,0,0.00197824,6312.5,0,6312.5,3787.5,2525,0.5,0.00114662,0.000831616,0.378789,0,5,0,6312.5,0,0,0,5,2.38419,0.0715256,0.120163,0.0715256,33.3333,19.8413,33.3333,0.297619
omp,4,0,square,250x250x5,250x250x5,250x250x5,5,625000,312500,0.99,dynamic,0,0.143,0.144,7.153,0.00202776,7757,0.0000002614,1.8084832525,0.0076508068,0,5,0,0.00213364,6312.5,0,6312.5,2525,1262.5,1,0.000868992,0.000411769,1.11039,0,5,0,6312.5,0,0,0,5,2.38419,0.0715256,0.120163,0.0715256,33.3333,19.8413,33.3333,0.297619
omp,8,0,square,250x250x5,250x250x5,250x250x5,5,625000,312500,0.99,dynamic,0,0.143,0.144,7.153,0.0015241,7757,0.0000001965,2.4061216456,0.0101791221,0,5,0,0.00248846,6312.5,0,6312.5,1262.5,1262.5,0,0.000607542,0.000412256,0.473701,0,5,0,6312.5,0,0,0,5,2.38419,0.0715256,0.120163,0.0715256,33.3333,19.8413,33.3333,0.297619
omp,16,0,square,250x250x5,250x250x5,250x250x5,5,625000,312500,0.99,dynamic,0,0.143,0.144,7.153,0.00176074,7757,0.0000002270,2.0827436192,0.0088110681,0,5,0,0.00317462,6312.5,0,6312.5,1262.5,1262.5,0,0.000707406,0.000451656,0.56625,0,5,0,6312.5,0,0,0,5,2.38419,0.0715256,0.120163,0.0715256,33.3333,19.8413,33.3333,0.297619
omp,32,0,square,250x250x5,250x250x5,250x250x5,5,625000,312500,0.99,dynamic,0,0.143,0.144,7.153,0.0026278,7757,0.0000003388,1.3955285790,0.0059037979,0,5,0,0.00302973,6312.5,0,6312.5,1262.5,1262.5,0,0.000685041,0.000407161,0.682482,0,5,0,6312.5,0,0,0,5,2.38419,0.0715256,0.120163,0.0715256,33.3333,19.8413,33.3333,0.297619
omp,36,0,square,250x250x5,250x250x5,250x250x5,5,625000,312500,0.99,dynamic,0,0.143,0.144,7.153,0.00218886,7757,0.0000002822,1.6753789644,0.0070877078,0,5,0,0.00315798,6312.5,0,6312.5,1262.5,1262.5,0,0.000703489,0.000416475,0.689151,0,5,0,6312.5,0,0,0,5,2.38419,0.0715256,0.120163,0.0715256,33.3333,19.8413,33.3333,0.297619
omp,64,1,square,250x250x5,250x250x5,250x250x5,5,625000,312500,0.99,dynamic,0,0.143,0.144,7.153,0.00314692,7757,0.0000004057,1.1653203767,0.0049298997,0,5,0,0.00370762,6312.5,0,6312.5,1262.5,1262.5,0,0.000923118,0.000411278,1.24451,0,5,0,6312.5,0,0,0,5,2.38419,0.0715256,0.120163,0.0715256,33.3333,19.8413,33.3333,0.297619
omp,72,1,square,250x250x5,250x250x5,250x250x5,5,625000,312500,0.99,dynamic,0,0.143,0.144,7.153,0.00329583,7757,0.0000004249,1.1126696462,0.0047071603,0,5,0,0.00466119,6312.5,0,6312.5,1262.5,1262.5,0,0.000994852,0.000825442,0.205235,0,5,0,6312.5,0,0,0,5,2.38419,0.0715256,0.120163,0.0715256,33.3333,19.8413,33.3333,0.297619
hybrid,1,0,square,250x250x5,250x250x5,250x250x5,5,625000,312500,0.99,dynamic,0,0.143,0.144,7.153,0.00292295,7757,0.0000003768,1.2546126345,0.0053076515,0,5,0,0.00137248,6312.5,0,6312.5,6312.5,6312.5,0,0.00137248,0.00137248,0,0,5,0,6312.5,0,0,0,5,2.38419,0.0715256,0.120163,0.0715256,33.3333,19.8413,33.3333,0.297619
hybrid,2,0,square,250x250x5,250x250x5,250x250x5,5,625000,312500,0.99,dynamic,0,0.143,0.144,7.153,0.00209218,7757,0.0000002697,1.7527985164,0.0074152320,0,5,0,0.00152826,6312.5,0,6312.5,3787.5,2525,0.5,0.000901527,0.000626736,0.438448,0,5,0,6312.5,0,0,0,5,2.38419,0.0715256,0.120163,0.0715256,33.3333,19.8413,33.3333,0.297619
hybrid,4,0,square,250x250x5,250x250x5,250x250x5,5,625000,312500,0.99,dynamic,0,0.143,0.144,7.153,0.00165638,7757,0.0000002135,2.2139666019,0.0093662082,0,5,0,0.00154017,6312.5,0,6312.5,2525,1262.5,1,0.000622672,0.000299158,1.08142,0,5,0,6312.5,0,0,0,5,2.38419,0.0715256,0.120163,0.0715256,33.3333,19.8413,33.3333,0.297619
hybrid,8,0,square,250x250x5,250x250x5,250x250x5,5,625000,312500,0.99,dynamic,0,0.143,0.144,7.153,0.00134771,7757,0.0000001737,2.7210379087,0.0115113786,0,5,0,0.00184009,6312.5,0,6312.5,1262.5,1262.5,0,0.000461768,0.00029425,0.569305,0,5,0,6312.5,0,0,0,5,2.38419,0.0715256,0.120163,0.0715256,33.3333,19.8413,33.3333,0.297619
hybrid,16,0,square,250x250x5,250x250x5,250x250x5,5,625000,312500,0.99,dynamic,0,0.143,0.144,7.153,0.00275361,7757,0.0000003550,1.3317681153,0.0056340586,0,5,0,0.00252702,6312.5,0,6312.5,1262.5,1262.5,0,0.000582927,0.000415422,0.403216,0,5,0,6312.5,0,0,0,5,2.38419,0.0715256,0.120163,0.0715256,33.3333,19.8413,33.3333,0.297619
hybrid,32,0,square,250x250x5,250x250x5,250x250x5,5,625000,312500,0.99,dynamic,0,0.143,0.144,7.153,0.00242199,7757,0.0000003122,1.5141144266,0.0064054765,0,5,0,0.00319383,6312.5,0,6312.5,1262.5,1262.5,0,0.000715336,0.000450742,0.587019,0,5,0,6312.5,0,0,0,5,2.38419,0.0715256,0.120163,0.0715256,33.3333,19.8413,33.3333,0.297619
hybrid,36,0,square,250x250x5,250x250x5,250x250x5,5,625000,312500,0.99,dynamic,0,0.143,0.144,7.153,0.00255384,7757,0.0000003292,1.4359435203,0.0060747737,0,5,0,0.00372485,6312.5,0,6312.5,1262.5,1262.5,0,0.00077404,0.000694374,0.114731,0,5,0,6312.5,0,0,0,5,2.38419,0.0715256,0.120163,0.0715256,33.3333,19.8413,33.3333,0.297619
hybrid,64,1,square,250x250x5,250x250x5,250x250x5,5,625000,312500,0.99,dynamic,0,0.143,0.144,7.153,0.0037432,7757,0.0000004826,0.9796885018,0.0041445822,0,5,0,0.00414146,6312.5,0,6312.5,1262.5,1262.5,0,0.000968024,0.000664254,0.45731,0,5,0,6312.5,0,0,0,5,2.38419,0.0715256,0.120163,0.0715256,33.3333,19.8413,33.3333,0.297619
hybrid,72,1,square,250x250x5,250x250x5,250x250x5,5,625000,312500,0.99,dynamic,0,0.143,0.144,7.153,0.00405901,7757,0.0000005233,0.9034641452,0.0038221143,0,5,0,0.00451856,6312.5,0,6312.5,1262.5,1262.5,0,0.00100446,0.00078483,0.279845,0,5,0,6312.5,0,0,0,5,2.38419,0.0715256,0.120163,0.0715256,33.3333,19.8413,33.3333,0.297619
serial,1,0,tall,500x250x5,500x250x5,250x250x5,5,937500,625000,0.99,none,0,0.215,0.216,11.921,0.00633464,15602,0.0000004060,1.0,0.0049259311,0,5,0,0.00271703,9468.75,0,9468.75,0,0,0,0,0,0,0,5,0,9468.75,0,0,0,5,4.76837,0.143051,0.234604,0.143051,33.3333,20.3252,33.3333,0.304878
cuda,1,0,tall,500x250x5,500x250x5,250x250x5,5,937500,625000,0.99,none,0,0.215,0.216,11.921,0.0056238,15602,0.0000003605,1.1263985206,0.0055485615,0,5,0,0.00270389,9468.75,0,9468.75,0,0,0,0,0,0,0,5,0,9468.75,0,0,0,5,4.76837,0.143051,0.234604,0.143051,33.3333,20.3252,33.3333,0.304878
omp,1,0,tall,500x250x5,500x250x5,250x250x5,5,937500,625000,0.99,dynamic,0,0.215,0.216,11.921,0.00656199,15602,0.0000004206,0.9653534979,0.0047552648,0,5,0,0.00276383,9468.75,0,9468.75,9468.75,9468.75,0,0.00276383,0.00276383,0,0,5,0,9468.75,0,0,0,5,4.76837,0.143051,0.234604,0.143051,33.3333,20.3252,33.3333,0.304878
omp,2,0,tall,500x250x5,500x250x5,250x250x5,5,937500,625000,0.99,dynamic,0,0.215,0.216,11.921,0.0049274,15602,0.0000003158,1.2855948370,0.0063327516,0,5,0,0.00352458,9468.75,0,9468.75,5681.25,3787.5,0.5,0.00206774,0.00145684,0.41933,0,5,0,9468.75,0,0,0,5,4.76837,0.143051,0.234604,0.143051,33.3333,20.3252,33.3333,0.304878
omp,4,0,tall,500x250x5,500x250x5,250x250x5,5,937500,625000,0.99,dynamic,0,0.215,0.216,11.921,0.00373092,15602,0.0000002391,1.6978761271,0.0083636208,0,5,0,0.00423278,9468.75,0,9468.75,3787.5,1893.75,1,0.00158742,0.000866262,0.832493,0,5,0,9468.75,0,0,0,5,4.76837,0.143051,0.234604,0.143051,33.3333,20.3252,33.3333,0.304878
omp,8,0,tall,500x250x5,500x250x5,250x250x5,5,937500,625000,0.99,dynamic,0,0.215,0.216,11.921,0.00265659,15602,0.0000001703,2.3845004310,0.0117458848,0,5,0,0.00454242,9468.75,0,9468.75,1893.75,1893.75,0,0.00106601,0.000860544,0.238766,0,5,0,9468.75,0,0,0,5,4.76837,0.143051,0.234604,0.143051,33.3333,20.3252,33.3333,0.304878
omp,16,0,tall,500x250x5,500x250x5,250x250x5,5,937500,625000,0.99,dynamic,0,0.215,0.216,11.921,0.00296369,15602,0.0000001900,2.1374165314,0.0105287665,0,5,0,0.00584556,9468.75,0,9468.75,1893.75,1893.75,0,0.0012551,0.00088353,0.420555,0,5,0,9468.75,0,0,0,5,4.76837,0.143051,0.234604,0.143051,33.3333,20.3252,33.3333,0.304878
omp,32,0,tall,500x250x5,500x250x5,250x250x5,5,937500,625000,0.99,dynamic,0,0.215,0.216,11.921,0.00335954,15602,0.0000002153,1.8855676670,0.0092881764,0,5,0,0.0067251,9468.75,0,9468.75,1893.75,1893.75,0,0.00136642,0.00128281,0.0651803,0,5,0,9468.75,0,0,0,5,4.76837,0.143051,0.234604,0.143051,33.3333,20.3252,33.3333,0.304878
omp,36,0,tall,500x250x5,500x250x5,250x250x5,5,937500,625000,0.99,dynamic,0,0.215,0.216,11.921,0.00331165,15602,0.0000002123,1.9128349916,0.0094224933,0,5,0,0.00578814,9468.75,0,9468.75,1893.75,1893.75,0,0.00124799,0.000878114,0.421211,0,5,0,9468.75,0,0,0,5,4.76837,0.143051,0.234604,0.143051,33.3333,20.3252,33.3333,0.304878
omp,64,1,tall,500x250x5,500x250x5,250x250x5,5,937500,625000,0.99,dynamic,0,0.215,0.216,11.921,0.00525667,15602,0.0000003369,1.2050670862,0.0059360774,0,5,0,0.00838721,9468.75,0,9468.75,1893.75,1893.75,0,0.00182802,0.00156864,0.165358,0,5,0,9468.75,0,0,0,5,4.76837,0.143051,0.234604,0.143051,33.3333,20.3252,33.3333,0.304878
omp,72,1,tall,500x250x5,500x250x5,250x250x5,5,937500,625000,0.99,dynamic,0,0.215,0.216,11.921,0.00499728,15602,0.0000003203,1.2676175840,0.0062441968,0,5,0,0.00787851,9468.75,0,9468.75,1893.75,1893.75,0,0.00171875,0.00129277,0.329514,0,5,0,9468.75,0,0,0,5,4.76837,0.143051,0.234604,0.143051,33.3333,20.3252,33.3333,0.304878
hybrid,1,0,tall,500x250x5,500x250x5,250x250x5,5,937500,625000,0.99,dynamic,0,0.215,0.216,11.921,0.00562185,15602,0.0000003603,1.1267892242,0.0055504860,0,5,0,0.00268995,9468.75,0,9468.75,9468.75,9468.75,0,0.00268995,0.00268995,0,0,5,0,9468.75,0,0,0,5,4.76837,0.143051,0.234604,0.143051,33.3333,20.3252,33.3333,0.304878
hybrid,2,0,tall,500x250x5,500x250x5,250x250x5,5,937500,625000,0.99,dynamic,0,0.215,0.216,11.921,0.00389252,15602,0.0000002495,1.6273879132,0.0080164007,0,5,0,0.00306243,9468.75,0,9468.75,5681.25,3787.5,0.5,0.00180101,0.00126142,0.427769,0,5,0,9468.75,0,0,0,5,4.76837,0.143051,0.234604,0.143051,33.3333,20.3252,33.3333,0.304878
hybrid,4,0,tall,500x250x5,500x250x5,250x250x5,5,937500,625000,0.99,dynamic,0,0.215,0.216,11.921,0.00289287,15602,0.0000001854,2.1897423666,0.0107865200,0,5,0,0.00314402,9468.75,0,9468.75,3787.5,1893.75,1,0.00118215,0.000632892,0.867854,0,5,0,9468.75,0,0,0,5,4.76837,0.143051,0.234604,0.143051,33.3333,20.3252,33.3333,0.304878
hybrid,8,0,tall,500x250x5,500x250x5,250x250x5,5,937500,625000,0.99,dynamic,0,0.215,0.216,11.921,0.00239239,15602,0.0000001533,2.6478291583,0.0130430239,0,5,0,0.00377171,9468.75,0,9468.75,1893.75,1893.75,0,0.000876112,0.000706337,0.24036,0,5,0,9468.75,0,0,0,5,4.76837,0.143051,0.234604,0.143051,33.3333,20.3252,33.3333,0.304878
hybrid,16,0,tall,500x250x5,500x250x5,250x250x5,5,937500,625000,0.99,dynamic,0,0.215,0.216,11.921,0.00274643,15602,0.0000001760,2.3064997105,0.0113616586,0,5,0,0.00429278,9468.75,0,9468.75,1893.75,1893.75,0,0.000968959,0.000701043,0.382168,0,5,0,9468.75,0,0,0,5,4.76837,0.143051,0.234604,0.143051,33.3333,20.3252,33.3333,0.304878
hybrid,32,0,tall,500x250x5,500x250x5,250x250x5,5,937500,625000,0.99,dynamic,0,0.215,0.216,11.921,0.0036954,15602,0.0000002369,1.7141960275,0.0084440115,0,5,0,0.00672463,9468.75,0,9468.75,1893.75,1893.75,0,0.00136192,0.00130264,0.0455091,0,5,0,9468.75,0,0,0,5,4.76837,0.143051,0.234604,0.143051,33.3333,20.3252,33.3333,0.304878
hybrid,36,0,tall,500x250x5,500x250x5,250x250x5,5,937500,625000,0.99,dynamic,0,0.215,0.216,11.921,0.0036992,15602,0.0000002371,1.7124351211,0.0084353374,0,5,0,0.00584745,9468.75,0,9468.75,1893.75,1893.75,0,0.00126007,0.000877039,0.436732,0,5,0,9468.75,0,0,0,5,4.76837,0.143051,0.234604,0.143051,33.3333,20.3252,33.3333,0.304878
hybrid,64,1,tall,500x250x5,500x250x5,250x250x5,5,937500,625000,0.99,dynamic,0,0.215,0.216,11.921,0.00557705,15602,0.0000003575,1.1358406326,0.0055950727,0,5,0,0.00898673,9468.75,0,9468.75,1893.75,1893.75,0,0.0018738,0.00157426,0.190272,0,5,0,9468.75,0,0,0,5,4.76837,0.143051,0.234604,0.143051,33.3333,20.3252,33.3333,0.304878
hybrid,72,1,tall,500x250x5,500x250x5,250x250x5,5,937500,625000,0.99,dynamic,0,0.215,0.216,11.921,0.00583622,15602,0.0000003741,1.0854011672,0.0053466113,0,5,0,0.00915542,9468.75,0,9468.75,1893.75,1893.75,0,0.00191567,0.00158967,0.205071,0,5,0,9468.75,0,0,0,5,4.76837,0.143051,0.234604,0.143051,33.3333,20.3252,33.3333,0.304878
serial,1,0,wide,250x500x5,250x250x5,250x500x5,5,937500,625000,0.99,none,0,0.215,0.216,11.921,0.00676814,15904,0.0000004256,1.0,0.0046996664,0,5,0,0.00294406,9468.75,0,9468.75,0,0,0,0,0,0,0,5,0,9468.75,0,0,0,5,2.38419,0.0715256,0.120163,0.0715256,33.3333,19.8413,33.3333,0.297619
cuda,1,0,wide,250x500x5,250x250x5,250x500x5,5,937500,625000,0.99,none,0,0.215,0.216,11.921,0.00608303,15904,0.0000003825,1.1126264378,0.0052289731,0,5,0,0.00295702,9468.75,0,9468.75,0,0,0,0,0,0,0,5,0,9468.75,0,0,0,5,2.38419,0.0715256,0.120163,0.0715256,33.3333,19.8413,33.3333,0.297619
omp,1,0,wide,250x500x5,250x250x5,250x500x5,5,937500,625000,0.99,dynamic,0,0.215,0.216,11.921,0.00605865,15904,0.0000003810,1.1171036452,0.0052500144,0,5,0,0.00293173,9468.75,0,9468.75,9468.75,9468.75,0,0.00293173,0.00293173,0,0,5,0,9468.75,0,0,0,5,2.38419,0.0715256,0.120163,0.0715256,33.3333,19.8413,33.3333,0.297619
omp,2,0,wide,250x500x5,250x250x5,250x500x5,5,937500,625000,0.99,dynamic,0,0.215,0.216,11.921,0.00520199,15904,0.0000003271,1.3010674761,0.0061145831,0,5,0,0.00371743,9468.75,0,9468.75,5681.25,3787.5,0.5,0.00222213,0.00149531,0.486066,0,5,0,9468.75,0,0,0,5,2.38419,0.0715256,0.120163,0.0715256,33.3333,19.8413,33.3333,0.297619
omp,4,0,wide,250x500x5,250x250x5,250x500x5,5,937500,625000,0.99,dynamic,0,0.215,0.216,11.921,0.00383035,15904,0.0000002408,1.7669769081,0.0083042020,0,5,0,0.00439297,9468.75,0,9468.75,3787.5,1893.75,1,0.00162808,0.000915051,0.779219,0,5,0,9468.75,0,0,0,5,2.38419,0.0715256,0.120163,0.0715256,33.3333,19.8413,33.3333,0.297619
omp,8,0,wide,250x500x5,250x250x5,250x500x5,5,937500,625000,0.99,dynamic,0,0.215,0.216,11.921,0.00273607,15904,0.0000001720,2.4736720917,0.0116254336,0,5,0,0.00507642,9468.75,0,9468.75,1893.75,1893.75,0,0.00115842,0.000921288,0.257392,0,5,0,9468.75,0,0,0,5,2.38419,0.0715256,0.120163,0.0715256,33.3333,19.8413,33.3333,0.297619
omp,16,0,wide,250x500x5,250x250x5,250x500x5,5,937500,625000,0.99,dynamic,0,0.215,0.216,11.921,0.00340293,15904,0.0000002140,1.9889154346,0.0093472390,0,5,0,0.00605234,9468.75,0,9468.75,1893.75,1893.75,0,0.00129807,0.000935065,0.388212,0,5,0,9468.75,0,0,0,5,2.38419,0.0715256,0.120163,0.0715256,33.3333,19.8413,33.3333,0.297619
omp,32,0,wide,250x500x5,250x250x5,250x500x5,5,937500,625000,0.99,dynamic,0,0.215,0.216,11.921,0.00353878,15904,0.0000002225,1.9125630867,0.0089884084,0,5,0,0.00708787,9468.75,0,9468.75,1893.75,1893.75,0,0.00144365,0.00135841,0.0627469,0,5,0,9468.75,0,0,0,5,2.38419,0.0715256,0.120163,0.0715256,33.3333,19.8413,33.3333,0.297619
omp,36,0,wide,250x500x5,250x250x5,250x500x5,5,937500,625000,0.99,dynamic,0,0.215,0.216,11.921,0.0034326,15904,0.0000002158,1.9717240576,0.0092664453,0,5,0,0.00615624,9468.75,0,9468.75,1893.75,1893.75,0,0.00131532,0.000960025,0.370091,0,5,0,9468.75,0,0,0,5,2.38419,0.0715256,0.120163,0.0715256,33.3333,19.8413,33.3333,0.297619
omp,64,1,wide,250x500x5,250x250x5,250x500x5,5,937500,625000,0.99,dynamic,0,0.215,0.216,11.921,0.00517364,15904,0.0000003253,1.3081969368,0.0061480892,0,5,0,0.00925092,9468.75,0,9468.75,1893.75,1893.75,0,0.0019371,0.00156429,0.238322,0,5,0,9468.75,0,0,0,5,2.38419,0.0715256,0.120163,0.0715256,33.3333,19.8413,33.3333,0.297619
omp,72,1,wide,250x500x5,250x250x5,250x500x5,5,937500,625000,0.99,dynamic,0,0.215,0.216,11.921,0.00534348,15904,0.0000003360,1.2666165121,0.0059526750,0,5,0,0.00940147,9468.75,0,9468.75,1893.75,1893.75,0,0.00196523,0.00160857,0.221719,0,5,0,9468.75,0,0,0,5,2.38419,0.0715256,0.120163,0.0715256,33.3333,19.8413,33.3333,0.297619
hybrid,1,0,wide,250x500x5,250x250x5,250x500x5,5,937500,625000,0.99,dynamic,0,0.215,0.216,11.921,0.00612321,15904,0.0000003850,1.1053254747,0.0051946610,0,5,0,0.00295926,9468.75,0,9468.75,9468.75,9468.75,0,0.00295926,0.00295926,0,0,5,0,9468.75,0,0,0,5,2.38419,0.0715256,0.120163,0.0715256,33.3333,19.8413,33.3333,0.297619
hybrid,2,0,wide,250x500x5,250x250x5,250x500x5,5,937500,625000,0.99,dynamic,0,0.215,0.216,11.921,0.00424235,15904,0.0000002667,1.5953752048,0.0074977312,0,5,0,0.00333578,9468.75,0,9468.75,5681.25,3787.5,0.5,0.00197577,0.00136001,0.452769,0,5,0,9468.75,0,0,0,5,2.38419,0.0715256,0.120163,0.0715256,33.3333,19.8413,33.3333,0.297619
hybrid,4,0,wide,250x500x5,250x250x5,250x500x5,5,937500,625000,0.99,dynamic,0,0.215,0.216,11.921,0.0031134,15904,0.0000001958,2.1738742211,0.0102164836,0,5,0,0.00340044,9468.75,0,9468.75,3787.5,1893.75,1,0.0013304,0.000686323,0.938446,0,5,0,9468.75,0,0,0,5,2.38419,0.0715256,0.120163,0.0715256,33.3333,19.8413,33.3333,0.297619
hybrid,8,0,wide,250x500x5,250x250x5,250x500x5,5,937500,625000,0.99,dynamic,0,0.215,0.216,11.921,0.002602,15904,0.0000001636,2.6011299001,0.0122244427,0,5,0,0.00458719,9468.75,0,9468.75,1893.75,1893.75,0,0.00103389,0.000750228,0.378106,0,5,0,9468.75,0,0,0,5,2.38419,0.0715256,0.120163,0.0715256,33.3333,19.8413,33.3333,0.297619
hybrid,16,0,wide,250x500x5,250x250x5,250x500x5,5,937500,625000,0.99,dynamic,0,0.215,0.216,11.921,0.00310874,15904,0.0000001955,2.1771328577,0.0102317981,0,5,0,0.0058149,9468.75,0,9468.75,1893.75,1893.75,0,0.00125073,0.00087391,0.431192,0,5,0,9468.75,0,0,0,5,2.38419,0.0715256,0.120163,0.0715256,33.3333,19.8413,33.3333,0.297619
hybrid,32,0,wide,250x500x5,250x250x5,250x500x5,5,937500,625000,0.99,dynamic,0,0.215,0.216,11.921,0.00370606,15904,0.0000002330,1.8262359487,0.0085826997,0,5,0,0.00615657,9468.75,0,9468.75,1893.75,1893.75,0,0.00132291,0.000944971,0.399942,0,5,0,9468.75,0,0,0,5,2.38419,0.0715256,0.120163,0.0715256,33.3333,19.8413,33.3333,0.297619
hybrid,36,0,wide,250x500x5,250x250x5,250x500x5,5,937500,625000,0.99,dynamic,0,0.215,0.216,11.921,0.00383923,15904,0.0000002414,1.7628899545,0.0082849946,0,5,0,0.006205,9468.75,0,9468.75,1893.75,1893.75,0,0.00133531,0.000944309,0.41406,0,5,0,9468.75,0,0,0,5,2.38419,0.0715256,0.120163,0.0715256,33.3333,19.8413,33.3333,0.297619
hybrid,64,1,wide,250x500x5,250x250x5,250x500x5,5,937500,625000,0.99,dynamic,0,0.215,0.216,11.921,0.00541062,15904,0.0000003402,1.2508991576,0.0058788087,0,5,0,0.00778326,9468.75,0,9468.75,1893.75,1893.75,0,0.00187012,0.000956779,0.954601,0,5,0,9468.75,0,0,0,5,2.38419,0.0715256,0.120163,0.0715256,33.3333,19.8413,33.3333,0.297619
hybrid,72,1,wide,250x500x5,250x250x5,250x500x5,5,937500,625000,0.99,dynamic,0,0.215,0.216,11.921,0.00598199,15904,0.0000003761,1.1314194775,0.0053172941,0,5,0,0.00946797,9468.75,0,9468.75,1893.75,1893.75,0,0.00197554,0.00164379,0.201819,0,5,0,9468.75,0,0,0,5,2.38419,0.0715256,0.120163,0.0715256,33.3333,19.8413,33.3333,0.297619
serial,1,0,square,500x500x10,500x500x10,500x500x10,10,5000000,2500000,0.99,none,0,1.144,1.150,57.220,0.050502,124943,0.0000004042,1.0,0.0049480417,0,10,0,0.0248079,50500,0,50500,0,0,0,0,0,0,0,10,0,50500,0,0,0,10,19.0735,0.572205,0.738144,0.572205,33.3333,25.8398,33.3333,0.387597
cuda,1,0,square,500x500x10,500x500x10,500x500x10,10,5000000,2500000,0.99,none,0,1.144,1.150,57.220,0.0502982,124943,0.0000004026,1.0040518349,0.0049680903,0,10,0,0.0246683,50500,0,50500,0,0,0,0,0,0,0,10,0,50500,0,0,0,10,19.0735,0.572205,0.738144,0.572205,33.3333,25.8398,33.3333,0.387597
omp,1,0,square,500x500x10,500x500x10,500x500x10,10,5000000,2500000,0.99,dynamic,0,1.144,1.150,57.220,0.0500412,124943,0.0000004005,1.0092084123,0.0049936053,0,10,0,0.0247417,50500,0,50500,50500,50500,0,0.0247417,0.0247417,0,0,10,0,50500,0,0,0,10,19.0735,0.572205,0.738144,0.572205,33.3333,25.8398,33.3333,0.387597
omp,2,0,square,500x500x10,500x500x10,500x500x10,10,5000000,2500000,0.99,dynamic,0,1.144,1.150,57.220,0.0329633,124943,0.0000002638,1.5320674811,0.0075807337,0,10,0,0.0269368,50500,0,50500,30300,20200,0.5,0.0160283,0.0109086,0.469329,0,10,0,50500,0,0,0,10,19.0735,0.572205,0.738144,0.572205,33.3333,25.8398,33.3333,0.387597
omp,4,0,square,500x500x10,500x500x10,500x500x10,10,5000000,2500000,0.99,dynamic,0,1.144,1.150,57.220,0.0176815,124943,0.0000001415,2.8562056387,0.0141326245,0,10,0,0.0276309,50500,0,50500,15150,10100,0.5,0.00827256,0.00559974,0.47731,0,10,0,50500,0,0,0,10,19.0735,0.572205,0.738144,0.572205,33.3333,25.8398,33.3333,0.387597
omp,8,0,square,500x500x10,500x500x10,500x500x10,10,5000000,2500000,0.99,dynamic,0,1.144,1.150,57.220,0.0138342,124943,0.0000001107,3.6505182808,0.0180629165,0,10,0,0.0284445,50500,0,50500,10100,5050,1,0.00556789,0.00282903,0.968125,0,10,0,50500,0,0,0,10,19.0735,0.572205,0.738144,0.572205,33.3333,25.8398,33.3333,0.387597
omp,16,0,square,500x500x10,500x500x10,500x500x10,10,5000000,2500000,0.99,dynamic,0,1.144,1.150,57.220,0.0110464,124943,0.0000000884,4.5718061993,0.0226214875,0,10,0,0.0357648,50500,0,50500,5050,5050,0,0.0040377,0.0033402,0.208822,0,10,0,50500,0,0,0,10,19.0735,0.572205,0.738144,0.572205,33.3333,25.8398,33.3333,0.387597
omp,32,0,square,500x500x10,500x500x10,500x500x10,10,5000000,2500000,0.99,dynamic,0,1.144,1.150,57.220,0.013543,124943,0.0000001084,3.7290112973,0.0184513033,0,10,0,0.0483689,50500,0,50500,5050,5050,0,0.0053649,0.00402953,0.331396,0,10,0,50500,0,0,0,10,19.0735,0.572205,0.738144,0.572205,33.3333,25.8398,33.3333,0.387597
omp,36,0,square,500x500x10,500x500x10,500x500x10,10,5000000,2500000,0.99,dynamic,0,1.144,1.150,57.220,0.0130885,124943,0.0000001048,3.8585017382,0.0190920274,0,10,0,0.0440171,50500,0,50500,5050,5050,0,0.00487709,0.00405285,0.203372,0,10,0,50500,0,0,0,10,19.0735,0.572205,0.738144,0.572205,33.3333,25.8398,33.3333,0.387597
omp,64,1,square,500x500x10,500x500x10,500x500x10,10,5000000,2500000,0.99,dynamic,0,1.144,1.150,57.220,0.0205189,124943,0.0000001642,2.4612430491,0.0121783331,0,10,0,0.0774521,50500,0,50500,5050,5050,0,0.00895013,0.00599516,0.492892,0,10,0,50500,0,0,0,10,19.0735,0.572205,0.738144,0.572205,33.3333,25.8398,33.3333,0.387597
omp,72,1,square,500x500x10,500x500x10,500x500x10,10,5000000,2500000,0.99,dynamic,0,1.144,1.150,57.220,0.0203225,124943,0.0000001627,2.4850289088,0.0122960266,0,10,0,0.0724228,50500,0,50500,5050,5050,0,0.00868842,0.00510166,0.703057,0,10,0,50500,0,0,0,10,19.0735,0.572205,0.738144,0.572205,33.3333,25.8398,33.3333,0.387597
hybrid,1,0,square,500x500x10,500x500x10,500x500x10,10,5000000,2500000,0.99,dynamic,0,1.144,1.150,57.220,0.0503236,124943,0.0000004028,1.0035450564,0.0049655827,0,10,0,0.0249066,50500,0,50500,50500,50500,0,0.0249066,0.0249066,0,0,10,0,50500,0,0,0,10,19.0735,0.572205,0.738144,0.572205,33.3333,25.8398,33.3333,0.387597
hybrid,2,0,square,500x500x10,500x500x10,500x500x10,10,5000000,2500000,0.99,dynamic,0,1.144,1.150,57.220,0.0335919,124943,0.0000002689,1.5033981406,0.0074388766,0,10,0,0.0271888,50500,0,50500,30300,20200,0.5,0.0162353,0.0109535,0.482204,0,10,0,50500,0,0,0,10,19.0735,0.572205,0.738144,0.572205,33.3333,25.8398,33.3333,0.387597
hybrid,4,0,square,500x500x10,500x500x10,500x500x10,10,5000000,2500000,0.99,dynamic,0,1.144,1.150,57.220,0.0178275,124943,0.0000001427,2.8328144720,0.0140168840,0,10,0,0.0270136,50500,0,50500,15150,10100,0.5,0.00810013,0.00550872,0.47042,0,10,0,50500,0,0,0,10,19.0735,0.572205,0.738144,0.572205,33.3333,25.8398,33.3333,0.387597
hybrid,8,0,square,500x500x10,500x500x10,500x500x10,10,5000000,2500000,0.99,dynamic,0,1.144,1.150,57.220,0.0137995,124943,0.0000001104,3.6596978151,0.0181083373,0,10,0,0.0284345,50500,0,50500,10100,5050,1,0.00556234,0.00284581,0.954574,0,10,0,50500,0,0,0,10,19.0735,0.572205,0.738144,0.572205,33.3333,25.8398,33.3333,0.387597
hybrid,16,0,square,500x500x10,500x500x10,500x500x10,10,5000000,2500000,0.99,dynamic,0,1.144,1.150,57.220,0.012169,124943,0.0000000974,4.1500534144,0.0205346372,0,10,0,0.0377079,50500,0,50500,5050,5050,0,0.00431389,0.00341551,0.263032,0,10,0,50500,0,0,0,10,19.0735,0.572205,0.738144,0.572205,33.3333,25.8398,33.3333,0.387597
hybrid,32,0,square,500x500x10,500x500x10,500x500x10,10,5000000,2500000,0.99,dynamic,0,1.144,1.150,57.220,0.0154315,124943,0.0000001235,3.2726565791,0.0161932411,0,10,0,0.066047,50500,0,50500,5050,5050,0,0.0069378,0.00434173,0.597933,0,10,0,50500,0,0,0,10,19.0735,0.572205,0.738144,0.572205,33.3333,25.8398,33.3333,0.387597
hybrid,36,0,square,500x500x10,500x500x10,500x500x10,10,5000000,2500000,0.99,dynamic,0,1.144,1.150,57.220,0.0157665,124943,0.0000001262,3.2031205404,0.0158491739,0,10,0,0.0670895,50500,0,50500,5050,5050,0,0.00706362,0.00443805,0.591605,0,10,0,50500,0,0,0,10,19.0735,0.572205,0.738144,0.572205,33.3333,25.8398,33.3333,0.387597
hybrid,64,1,square,500x500x10,500x500x10,500x500x10,10,5000000,2500000,0.99,dynamic,0,1.144,1.150,57.220,0.0208171,124943,0.0000001666,2.4259863285,0.0120038814,0,10,0,0.0711804,50500,0,50500,5050,5050,0,0.00848587,0.00495203,0.713616,0,10,0,50500,0,0,0,10,19.0735,0.572205,0.738144,0.572205,33.3333,25.8398,33.3333,0.387597
hybrid,72,1,square,500x500x10,500x500x10,500x500x10,10,5000000,2500000,0.99,dynamic,0,1.144,1.150,57.220,0.021752,124943,0.0000001741,2.3217175432,0.0114879551,0,10,0,0.0960377,50500,0,50500,5050,5050,0,0.00972625,0.00951342,0.0223714,0,10,0,50500,0,0,0,10,19.0735,0.572205,0.738144,0.572205,33.3333,25.8398,33.3333,0.387597
serial,1,0,tall,1000x500x10,1000x500x10,500x500x10,10,7500000,5000000,0.99,none,0,1.717,1.728,95.367,0.115142,250251,0.0000004601,1.0,0.0043468239,0,10,0,0.0569524,75750,0,75750,0,0,0,0,0,0,0,10,0,75750,0,0,0,10,38.147,1.14441,1.53351,1.14441,33.3333,24.8756,33.3333,0.373134
cuda,1,0,tall,1000x500x10,1000x500x10,500x500x10,10,7500000,5000000,0.99,none,0,1.717,1.728,95.367,0.116199,250251,0.0000004643,0.9909035362,0.0043072832,0,10,0,0.0577656,75750,0,75750,0,0,0,0,0,0,0,10,0,75750,0,0,0,10,38.147,1.14441,1.53351,1.14441,33.3333,24.8756,33.3333,0.373134
omp,1,0,tall,1000x500x10,1000x500x10,500x500x10,10,7500000,5000000,0.99,dynamic,0,1.717,1.728,95.367,0.114982,250251,0.0000004595,1.0013915222,0.0043528726,0,10,0,0.0571592,75750,0,75750,75750,75750,0,0.0571592,0.0571592,0,0,10,0,75750,0,0,0,10,38.147,1.14441,1.53351,1.14441,33.3333,24.8756,33.3333,0.373134
omp,2,0,tall,1000x500x10,1000x500x10,500x500x10,10,7500000,5000000,0.99,dynamic,0,1.717,1.728,95.367,0.0744904,250251,0.0000002977,1.5457293826,0.0067190135,0,10,0,0.0606949,75750,0,75750,45450,30300,0.5,0.036207,0.0244879,0.478571,0,10,0,75750,0,0,0,10,38.147,1.14441,1.53351,1.14441,33.3333,24.8756,33.3333,0.373134
omp,4,0,tall,1000x500x10,1000x500x10,500x500x10,10,7500000,5000000,0.99,dynamic,0,1.717,1.728,95.367,0.039445,250251,0.0000001576,2.9190518443,0.0126886044,0,10,0,0.0621158,75750,0,75750,22725,15150,0.5,0.0186043,0.0125665,0.480469,0,10,0,75750,0,0,0,10,38.147,1.14441,1.53351,1.14441,33.3333,24.8756,33.3333,0.373134
omp,8,0,tall,1000x500x10,1000x500x10,500x500x10,10,7500000,5000000,0.99,dynamic,0,1.717,1.728,95.367,0.029797,250251,0.0000001191,3.8642145182,0.0167970601,0,10,0,0.0656972,75750,0,75750,15150,7575,1,0.0126767,0.00655914,0.932679,0,10,0,75750,0,0,0,10,38.147,1.14441,1.53351,1.14441,33.3333,24.8756,33.3333,0.373134
omp,16,0,tall,1000x500x10,1000x500x10,500x500x10,10,7500000,5000000,0.99,dynamic,0,1.717,1.728,95.367,0.0223453,250251,0.0000000893,5.1528509351,0.0223985357,0,10,0,0.0759106,75750,0,75750,7575,7575,0,0.00856381,0.00691919,0.237689,0,10,0,75750,0,0,0,10,38.147,1.14441,1.53351,1.14441,33.3333,24.8756,33.3333,0.373134
omp,32,0,tall,1000x500x10,1000x500x10,500x500x10,10,7500000,5000000,0.99,dynamic,0,1.717,1.728,95.367,0.0269601,250251,0.0000001077,4.2708298560,0.0185645454,0,10,0,0.115345,75750,0,75750,7575,7575,0,0.0124305,0.00874198,0.421935,0,10,0,75750,0,0,0,10,38.147,1.14441,1.53351,1.14441,33.3333,24.8756,33.3333,0.373134
omp,36,0,tall,1000x500x10,1000x500x10,500x500x10,10,7500000,5000000,0.99,dynamic,0,1.717,1.728,95.367,0.0272296,250251,0.0000001088,4.2285600964,0.0183808062,0,10,0,0.114144,75750,0,75750,7575,7575,0,0.0122911,0.00890707,0.379922,0,10,0,75750,0,0,0,10,38.147,1.14441,1.53351,1.14441,33.3333,24.8756,33.3333,0.373134
omp,64,1,tall,1000x500x10,1000x500x10,500x500x10,10,7500000,5000000,0.99,dynamic,0,1.717,1.728,95.367,0.0332527,250251,0.0000001329,3.4626361168,0.0150514695,0,10,0,0.124917,75750,0,75750,7575,7575,0,0.0144957,0.0110594,0.310708,0,10,0,75750,0,0,0,10,38.147,1.14441,1.53351,1.14441,33.3333,24.8756,33.3333,0.373134
omp,72,1,tall,1000x500x10,1000x500x10,500x500x10,10,7500000,5000000,0.99,dynamic,0,1.717,1.728,95.367,0.0338,250251,0.0000001351,3.4065680473,0.0148077515,0,10,0,0.134696,75750,0,75750,7575,7575,0,0.0145394,0.0120577,0.20582,0,10,0,75750,0,0,0,10,38.147,1.14441,1.53351,1.14441,33.3333,24.8756,33.3333,0.373134
hybrid,1,0,tall,1000x500x10,1000x500x10,500x500x10,10,7500000,5000000,0.99,dynamic,0,1.717,1.728,95.367,0.115047,250251,0.0000004597,1.0008257495,0.0043504133,0,10,0,0.0569045,75750,0,75750,75750,75750,0,0.0569045,0.0569045,0,0,10,0,75750,0,0,0,10,38.147,1.14441,1.53351,1.14441,33.3333,24.8756,33.3333,0.373134
hybrid,2,0,tall,1000x500x10,1000x500x10,500x500x10,10,7500000,5000000,0.99,dynamic,0,1.717,1.728,95.367,0.0754247,250251,0.0000003014,1.5265821409,0.0066357838,0,10,0,0.0611141,75750,0,75750,45450,30300,0.5,0.0365127,0.0246014,0.484172,0,10,0,75750,0,0,0,10,38.147,1.14441,1.53351,1.14441,33.3333,24.8756,33.3333,0.373134
hybrid,4,0,tall,1000x500x10,1000x500x10,500x500x10,10,7500000,5000000,0.99,dynamic,0,1.717,1.728,95.367,0.03957,250251,0.0000001581,2.9098306798,0.0126485216,0,10,0,0.0625459,75750,0,75750,22725,15150,0.5,0.0186168,0.0126816,0.468011,0,10,0,75750,0,0,0,10,38.147,1.14441,1.53351,1.14441,33.3333,24.8756,33.3333,0.373134
hybrid,8,0,tall,1000x500x10,1000x500x10,500x500x10,10,7500000,5000000,0.99,dynamic,0,1.717,1.728,95.367,0.0295763,250251,0.0000001182,3.8930495025,0.0169224007,0,10,0,0.0630076,75750,0,75750,15150,7575,1,0.0124104,0.00627784,0.976857,0,10,0,75750,0,0,0,10,38.147,1.14441,1.53351,1.14441,33.3333,24.8756,33.3333,0.373134
hybrid,16,0,tall,1000x500x10,1000x500x10,500x500x10,10,7500000,5000000,0.99,dynamic,0,1.717,1.728,95.367,0.0223385,250251,0.0000000893,5.1544195000,0.0224053540,0,10,0,0.0772536,75750,0,75750,7575,7575,0,0.00872983,0.00710473,0.228736,0,10,0,75750,0,0,0,10,38.147,1.14441,1.53351,1.14441,33.3333,24.8756,33.3333,0.373134
hybrid,32,0,tall,1000x500x10,1000x500x10,500x500x10,10,7500000,5000000,0.99,dynamic,0,1.717,1.728,95.367,0.0262348,250251,0.0000001048,4.3889032888,0.0190777898,0,10,0,0.097967,75750,0,75750,7575,7575,0,0.0110104,0.00858979,0.281799,0,10,0,75750,0,0,0,10,38.147,1.14441,1.53351,1.14441,33.3333,24.8756,33.3333,0.373134
hybrid,36,0,tall,1000x500x10,1000x500x10,500x500x10,10,7500000,5000000,0.99,dynamic,0,1.717,1.728,95.367,0.0278072,250251,0.0000001111,4.1407261429,0.0179990075,0,10,0,0.118551,75750,0,75750,7575,7575,0,0.0128084,0.00880141,0.455266,0,10,0,75750,0,0,0,10,38.147,1.14441,1.53351,1.14441,33.3333,24.8756,33.3333,0.373134
hybrid,64,1,tall,1000x500x10,1000x500x10,500x500x10,10,7500000,5000000,0.99,dynamic,0,1.717,1.728,95.367,0.0357167,250251,0.0000001427,3.2237580740,0.0140131087,0,10,0,0.150452,75750,0,75750,7575,7575,0,0.0164063,0.0120644,0.359891,0,10,0,75750,0,0,0,10,38.147,1.14441,1.53351,1.14441,33.3333,24.8756,33.3333,0.373134
hybrid,72,1,tall,1000x500x10,1000x500x10,500x500x10,10,7500000,5000000,0.99,dynamic,0,1.717,1.728,95.367,0.0352176,250251,0.0000001407,3.2694448230,0.0142117010,0,10,0,0.136463,75750,0,75750,7575,7575,0,0.0150573,0.00993325,0.515853,0,10,0,75750,0,0,0,10,38.147,1.14441,1.53351,1.14441,33.3333,24.8756,33.3333,0.373134
serial,1,0,wide,500x1000x10,500x500x10,500x1000x10,10,7500000,5000000,0.99,none,0,1.717,1.728,95.367,0.118209,250405,0.0000004721,1.0,0.0042366486,0,10,0,0.0573521,75750,0,75750,0,0,0,0,0,0,0,10,0,75750,0,0,0,10,19.0735,0.572205,0.738144,0.572205,33.3333,25.8398,33.3333,0.387597
cuda,1,0,wide,500x1000x10,500x500x10,500x1000x10,10,7500000,5000000,0.99,none,0,1.717,1.728,95.367,0.11684,250405,0.0000004666,1.0117168778,0.0042862889,0,10,0,0.0575504,75750,0,75750,0,0,0,0,0,0,0,10,0,75750,0,0,0,10,19.0735,0.572205,0.738144,0.572205,33.3333,25.8398,33.3333,0.387597
omp,1,0,wide,500x1000x10,500x500x10,500x1000x10,10,7500000,5000000,0.99,dynamic,0,1.717,1.728,95.367,0.116279,250405,0.0000004644,1.0165980100,0.0043069686,0,10,0,0.0577005,75750,0,75750,75750,75750,0,0.0577005,0.0577005,0,0,10,0,75750,0,0,0,10,19.0735,0.572205,0.738144,0.572205,33.3333,25.8398,33.3333,0.387597
omp,2,0,wide,500x1000x10,500x500x10,500x1000x10,10,7500000,5000000,0.99,dynamic,0,1.717,1.728,95.367,0.0764283,250405,0.0000003052,1.5466653059,0.0065526775,0,10,0,0.0621889,75750,0,75750,45450,30300,0.5,0.0370913,0.0250976,0.47788,0,10,0,75750,0,0,0,10,19.0735,0.572205,0.738144,0.572205,33.3333,25.8398,33.3333,0.387597
omp,4,0,wide,500x1000x10,500x500x10,500x1000x10,10,7500000,5000000,0.99,dynamic,0,1.717,1.728,95.367,0.0399448,250405,0.0000001595,2.9593088462,0.0125375518,0,10,0,0.0632006,75750,0,75750,22725,15150,0.5,0.0189823,0.0128341,0.479049,0,10,0,75750,0,0,0,10,19.0735,0.572205,0.738144,0.572205,33.3333,25.8398,33.3333,0.387597
omp,8,0,wide,500x1000x10,500x500x10,500x1000x10,10,7500000,5000000,0.99,dynamic,0,1.717,1.728,95.367,0.0305676,250405,0.0000001221,3.8671338280,0.0163836873,0,10,0,0.0648054,75750,0,75750,15150,7575,1,0.0128298,0.00652572,0.966032,0,10,0,75750,0,0,0,10,19.0735,0.572205,0.738144,0.572205,33.3333,25.8398,33.3333,0.387597
omp,16,0,wide,500x1000x10,500x500x10,500x1000x10,10,7500000,5000000,0.99,dynamic,0,1.717,1.728,95.367,0.0234853,250405,0.0000000938,5.0333187143,0.0213244029,0,10,0,0.0835632,75750,0,75750,7575,7575,0,0.00927511,0.00725895,0.277748,0,10,0,75750,0,0,0,10,19.0735,0.572205,0.738144,0.572205,33.3333,25.8398,33.3333,0.387597
omp,32,0,wide,500x1000x10,500x500x10,500x1000x10,10,7500000,5000000,0.99,dynamic,0,1.717,1.728,95.367,0.0260489,250405,0.0000001040,4.5379651348,0.0192257639,0,10,0,0.10787,75750,0,75750,7575,7575,0,0.0116773,0.0088002,0.326932,0,10,0,75750,0,0,0,10,19.0735,0.572205,0.738144,0.572205,33.3333,25.8398,33.3333,0.387597
omp,36,0,wide,500x1000x10,500x500x10,500x1000x10,10,7500000,5000000,0.99,dynamic,0,1.717,1.728,95.367,0.0274058,250405,0.0000001094,4.3132840494,0.0182738690,0,10,0,0.124749,75750,0,75750,7575,7575,0,0.0130149,0.00929679,0.399934,0,10,0,75750,0,0,0,10,19.0735,0.572205,0.738144,0.572205,33.3333,25.8398,33.3333,0.387597
omp,64,1,wide,500x1000x10,500x500x10,500x1000x10,10,7500000,5000000,0.99,dynamic,0,1.717,1.728,95.367,0.0333184,250405,0.0000001331,3.5478594410,0.0150310339,0,10,0,0.128841,75750,0,75750,7575,7575,0,0.0149973,0.00919126,0.631695,0,10,0,75750,0,0,0,10,19.0735,0.572205,0.738144,0.572205,33.3333,25.8398,33.3333,0.387597
omp,72,1,wide,500x1000x10,500x500x10,500x1000x10,10,7500000,5000000,0.99,dynamic,0,1.717,1.728,95.367,0.033688,250405,0.0000001345,3.5089349323,0.0148661244,0,10,0,0.129503,75750,0,75750,7575,7575,0,0.0144276,0.00988581,0.459428,0,10,0,75750,0,0,0,10,19.0735,0.572205,0.738144,0.572205,33.3333,25.8398,33.3333,0.387597
hybrid,1,0,wide,500x1000x10,500x500x10,500x1000x10,10,7500000,5000000,0.99,dynamic,0,1.717,1.728,95.367,0.118123,250405,0.0000004717,1.0007280547,0.0042397332,0,10,0,0.0581344,75750,0,75750,75750,75750,0,0.0581344,0.0581344,0,0,10,0,75750,0,0,0,10,19.0735,0.572205,0.738144,0.572205,33.3333,25.8398,33.3333,0.387597
hybrid,2,0,wide,500x1000x10,500x500x10,500x1000x10,10,7500000,5000000,0.99,dynamic,0,1.717,1.728,95.367,0.0762216,250405,0.0000003044,1.5508595989,0.0065704472,0,10,0,0.0618834,75750,0,75750,45450,30300,0.5,0.0368824,0.025001,0.47524,0,10,0,75750,0,0,0,10,19.0735,0.572205,0.738144,0.572205,33.3333,25.8398,33.3333,0.387597
hybrid,4,0,wide,500x1000x10,500x500x10,500x1000x10,10,7500000,5000000,0.99,dynamic,0,1.717,1.728,95.367,0.0394849,250405,0.0000001577,2.9937773681,0.0126835828,0,10,0,0.0617705,75750,0,75750,22725,15150,0.5,0.0184777,0.0124518,0.483931,0,10,0,75750,0,0,0,10,19.0735,0.572205,0.738144,0.572205,33.3333,25.8398,33.3333,0.387597
hybrid,8,0,wide,500x1000x10,500x500x10,500x1000x10,10,7500000,5000000,0.99,dynamic,0,1.717,1.728,95.367,0.0297898,250405,0.0000001190,3.9681031763,0.0168114590,0,10,0,0.0644862,75750,0,75750,15150,7575,1,0.012612,0.00644845,0.955822,0,10,0,75750,0,0,0,10,19.0735,0.572205,0.738144,0.572205,33.3333,25.8398,33.3333,0.387597
hybrid,16,0,wide,500x1000x10,500x500x10,500x1000x10,10,7500000,5000000,0.99,dynamic,0,1.717,1.728,95.367,0.0227727,250405,0.0000000909,5.1908205878,0.0219916830,0,10,0,0.07573,75750,0,75750,7575,7575,0,0.00836436,0.00717767,0.16533,0,10,0,75750,0,0,0,10,19.0735,0.572205,0.738144,0.572205,33.3333,25.8398,33.3333,0.387597
hybrid,32,0,wide,500x1000x10,500x500x10,500x1000x10,10,7500000,5000000,0.99,dynamic,0,1.717,1.728,95.367,0.0267835,250405,0.0000001070,4.4135008494,0.0186984524,0,10,0,0.106535,75750,0,75750,7575,7575,0,0.0116365,0.00865659,0.344236,0,10,0,75750,0,0,0,10,19.0735,0.572205,0.738144,0.572205,33.3333,25.8398,33.3333,0.387597
hybrid,36,0,wide,500x1000x10,500x500x10,500x1000x10,10,7500000,5000000,0.99,dynamic,0,1.717,1.728,95.367,0.0286805,250405,0.0000001145,4.1215808650,0.0174616900,0,10,0,0.102178,75750,0,75750,7575,7575,0,0.0111243,0.00879013,0.26555,0,10,0,75750,0,0,0,10,19.0735,0.572205,0.738144,0.572205,33.3333,25.8398,33.3333,0.387597
hybrid,64,1,wide,500x1000x10,500x500x10,500x1000x10,10,7500000,5000000,0.99,dynamic,0,1.717,1.728,95.367,0.0354331,250405,0.0000001415,3.3361179236,0.0141339595,0,10,0,0.146248,75750,0,75750,7575,7575,0,0.0164738,0.00953394,0.727916,0,10,0,75750,0,0,0,10,19.0735,0.572205,0.738144,0.572205,33.3333,25.8398,33.3333,0.387597
hybrid,72,1,wide,500x1000x10,500x500x10,500x1000x10,10,7500000,5000000,0.99,dynamic,0,1.717,1.728,95.367,0.0351172,250405,0.0000001402,3.3661282790,0.0142611028,0,10,0,0.140055,75750,0,75750,7575,7575,0,0.0149212,0.0118656,0.257511,0,10,0,75750,0,0,0,10,19.0735,0.572205,0.738144,0.572205,33.3333,25.8398,33.3333,0.387597
serial,1,0,square,1000x1000x20,1000x1000x20,1000x1000x20,20,40000000,20000000,0.99,none,0,9.155,9.201,457.764,1.12705,1997619,0.0000005642,1.0,0.0035448649,0,20,0,0.556172,404000,0,404000,0,0,0,0,0,0,0,20,0,404000,0,0,0,20,152.588,4.57764,4.85229,4.57764,33.3333,31.4465,33.3333,0.471698
cuda,1,0,square,1000x1000x20,1000x1000x20,1000x1000x20,20,40000000,20000000,0.99,none,0,9.155,9.201,457.764,1.13412,1997619,0.0000005677,0.9937660918,0.0035227666,0,20,0,0.566161,404000,0,404000,0,0,0,0,0,0,0,20,0,404000,0,0,0,20,152.588,4.57764,4.85229,4.57764,33.3333,31.4465,33.3333,0.471698
omp,1,0,square,1000x1000x20,1000x1000x20,1000x1000x20,20,40000000,20000000,0.99,dynamic,0,9.155,9.201,457.764,1.14392,1997619,0.0000005726,0.9852524652,0.0034925869,0,20,0,0.573897,404000,0,404000,404000,404000,0,0.573897,0.573897,0,0,20,0,404000,0,0,0,20,152.588,4.57764,4.85229,4.57764,33.3333,31.4465,33.3333,0.471698
omp,2,0,square,1000x1000x20,1000x1000x20,1000x1000x20,20,40000000,20000000,0.99,dynamic,0,9.155,9.201,457.764,0.609568,1997619,0.0000003051,1.8489323587,0.0065542154,0,20,0,0.601042,404000,0,404000,202000,202000,0,0.303027,0.298015,0.0168192,0,20,0,404000,0,0,0,20,152.588,4.57764,4.85229,4.57764,33.3333,31.4465,33.3333,0.471698
omp,4,0,square,1000x1000x20,1000x1000x20,1000x1000x20,20,40000000,20000000,0.99,dynamic,0,9.155,9.201,457.764,0.376038,1997619,0.0000001882,2.9971704987,0.0106245645,0,20,0,0.618683,404000,0,404000,121200,80800,0.5,0.18524,0.125099,0.480745,0,20,0,404000,0,0,0,20,152.588,4.57764,4.85229,4.57764,33.3333,31.4465,33.3333,0.471698
omp,8,0,square,1000x1000x20,1000x1000x20,1000x1000x20,20,40000000,20000000,0.99,dynamic,0,9.155,9.201,457.764,0.214031,1997619,0.0000001071,5.2658259785,0.0186666417,0,20,0,0.6811,404000,0,404000,60600,40400,0.5,0.100977,0.0705536,0.431214,0,20,0,404000,0,0,0,20,152.588,4.57764,4.85229,4.57764,33.3333,31.4465,33.3333,0.471698
omp,16,0,square,1000x1000x20,1000x1000x20,1000x1000x20,20,40000000,20000000,0.99,dynamic,0,9.155,9.201,457.764,0.186216,1997619,0.0000000932,6.0523800318,0.0214548696,0,20,0,0.862974,404000,0,404000,40400,20200,1,0.0753352,0.0431068,0.74764,0,20,0,404000,0,0,0,20,152.588,4.57764,4.85229,4.57764,33.3333,31.4465,33.3333,0.471698
omp,32,0,square,1000x1000x20,1000x1000x20,1000x1000x20,20,40000000,20000000,0.99,dynamic,0,9.155,9.201,457.764,0.172374,1997619,0.0000000863,6.5383990625,0.0231777414,0,20,0,1.21773,404000,0,404000,20200,20200,0,0.0696359,0.0520462,0.337963,0,20,0,404000,0,0,0,20,152.588,4.57764,4.85229,4.57764,33.3333,31.4465,33.3333,0.471698
omp,36,0,square,1000x1000x20,1000x1000x20,1000x1000x20,20,40000000,20000000,0.99,dynamic,0,9.155,9.201,457.764,0.184792,1997619,0.0000000925,6.0990194381,0.0216202000,0,20,0,1.22258,404000,0,404000,20200,20200,0,0.0694474,0.0526319,0.319491,0,20,0,404000,0,0,0,20,152.588,4.57764,4.85229,4.57764,33.3333,31.4465,33.3333,0.471698
omp,64,1,square,1000x1000x20,1000x1000x20,1000x1000x20,20,40000000,20000000,0.99,dynamic,0,9.155,9.201,457.764,0.200739,1997619,0.0000001005,5.6145044062,0.0199026597,0,20,0,1.32383,404000,0,404000,20200,20200,0,0.0817396,0.0437123,0.869943,0,20,0,404000,0,0,0,20,152.588,4.57764,4.85229,4.57764,33.3333,31.4465,33.3333,0.471698
omp,72,1,square,1000x1000x20,1000x1000x20,1000x1000x20,20,40000000,20000000,0.99,dynamic,0,9.155,9.201,457.764,0.215481,1997619,0.0000001079,5.2303915426,0.0185410315,0,20,0,1.66439,404000,0,404000,20200,20200,0,0.0960509,0.0630973,0.522265,0,20,0,404000,0,0,0,20,152.588,4.57764,4.85229,4.57764,33.3333,31.4465,33.3333,0.471698
hybrid,1,0,square,1000x1000x20,1000x1000x20,1000x1000x20,20,40000000,20000000,0.99,dynamic,0,9.155,9.201,457.764,1.12747,1997619,0.0000005644,0.9996274845,0.0035435444,0,20,0,0.567485,404000,0,404000,404000,404000,0,0.567485,0.567485,0,0,20,0,404000,0,0,0,20,152.588,4.57764,4.85229,4.57764,33.3333,31.4465,33.3333,0.471698
hybrid,2,0,square,1000x1000x20,1000x1000x20,1000x1000x20,20,40000000,20000000,0.99,dynamic,0,9.155,9.201,457.764,0.606552,1997619,0.0000003036,1.8581259315,0.0065868054,0,20,0,0.601051,404000,0,404000,202000,202000,0,0.302176,0.298875,0.0110455,0,20,0,404000,0,0,0,20,152.588,4.57764,4.85229,4.57764,33.3333,31.4465,33.3333,0.471698
hybrid,4,0,square,1000x1000x20,1000x1000x20,1000x1000x20,20,40000000,20000000,0.99,dynamic,0,9.155,9.201,457.764,0.367214,1997619,0.0000001838,3.0691912618,0.0108798684,0,20,0,0.607134,404000,0,404000,121200,80800,0.5,0.18123,0.123921,0.462464,0,20,0,404000,0,0,0,20,152.588,4.57764,4.85229,4.57764,33.3333,31.4465,33.3333,0.471698
hybrid,8,0,square,1000x1000x20,1000x1000x20,1000x1000x20,20,40000000,20000000,0.99,dynamic,0,9.155,9.201,457.764,0.210355,1997619,0.0000001053,5.3578474484,0.0189928454,0,20,0,0.677483,404000,0,404000,60600,40400,0.5,0.0992581,0.0696908,0.424263,0,20,0,404000,0,0,0,20,152.588,4.57764,4.85229,4.57764,33.3333,31.4465,33.3333,0.471698
hybrid,16,0,square,1000x1000x20,1000x1000x20,1000x1000x20,20,40000000,20000000,0.99,dynamic,0,9.155,9.201,457.764,0.189164,1997619,0.0000000947,5.9580575585,0.0211205092,0,20,0,0.854156,404000,0,404000,40400,20200,1,0.0752708,0.0431848,0.742995,0,20,0,404000,0,0,0,20,152.588,4.57764,4.85229,4.57764,33.3333,31.4465,33.3333,0.471698
hybrid,32,0,square,1000x1000x20,1000x1000x20,1000x1000x20,20,40000000,20000000,0.99,dynamic,0,9.155,9.201,457.764,0.176354,1997619,0.0000000883,6.3908388809,0.0226546605,0,20,0,1.23088,404000,0,404000,20200,20200,0,0.0717206,0.0531377,0.349712,0,20,0,404000,0,0,0,20,152.588,4.57764,4.85229,4.57764,33.3333,31.4465,33.3333,0.471698
hybrid,36,0,square,1000x1000x20,1000x1000x20,1000x1000x20,20,40000000,20000000,0.99,dynamic,0,9.155,9.201,457.764,0.171316,1997619,0.0000000858,6.5787783978,0.0233208807,0,20,0,1.16934,404000,0,404000,20200,20200,0,0.0649934,0.0521507,0.246262,0,20,0,404000,0,0,0,20,152.588,4.57764,4.85229,4.57764,33.3333,31.4465,33.3333,0.471698
hybrid,64,1,square,1000x1000x20,1000x1000x20,1000x1000x20,20,40000000,20000000,0.99,dynamic,0,9.155,9.201,457.764,0.21189,1997619,0.0000001061,5.3190334608,0.0188552551,0,20,0,1.5407,404000,0,404000,20200,20200,0,0.0920739,0.0435479,1.11431,0,20,0,404000,0,0,0,20,152.588,4.57764,4.85229,4.57764,33.3333,31.4465,33.3333,0.471698
hybrid,72,1,square,1000x1000x20,1000x1000x20,1000x1000x20,20,40000000,20000000,0.99,dynamic,0,9.155,9.201,457.764,0.201341,1997619,0.0000001008,5.5977173055,0.0198431517,0,20,0,1.39736,404000,0,404000,20200,20200,0,0.0787252,0.0502012,0.568194,0,20,0,404000,0,0,0,20,152.588,4.57764,4.85229,4.57764,33.3333,31.4465,33.3333,0.471698
serial,1,0,tall,1500x1000x20,1500x1000x20,1000x1000x20,20,50000000,30000000,0.99,none,0,11.444,11.513,610.352,1.93774,3001038,0.0000006457,1.0,0.0030974641,0,20,0,0.958394,505000,0,505000,0,0,0,0,0,0,0,20,0,505000,0,0,0,20,228.882,6.86646,7.53593,6.86646,33.3333,30.3721,33.3333,0.455581
cuda,1,0,tall,1500x1000x20,1500x1000x20,1000x1000x20,20,50000000,30000000,0.99,none,0,11.444,11.513,610.352,1.90554,3001038,0.0000006350,1.0168980971,0.0031498053,0,20,0,0.946555,505000,0,505000,0,0,0,0,0,0,0,20,0,505000,0,0,0,20,228.882,6.86646,7.53593,6.86646,33.3333,30.3721,33.3333,0.455581
omp,1,0,tall,1500x1000x20,1500x1000x20,1000x1000x20,20,50000000,30000000,0.99,dynamic,0,11.444,11.513,610.352,1.91441,3001038,0.0000006379,1.0121865222,0.0031352114,0,20,0,0.949177,505000,0,505000,505000,505000,0,0.949177,0.949177,0,0,20,0,505000,0,0,0,20,228.882,6.86646,7.53593,6.86646,33.3333,30.3721,33.3333,0.455581
omp,2,0,tall,1500x1000x20,1500x1000x20,1000x1000x20,20,50000000,30000000,0.99,dynamic,0,11.444,11.513,610.352,1.02944,3001038,0.0000003430,1.8823243705,0.0058304321,0,20,0,1.00881,505000,0,505000,252500,252500,0,0.504435,0.504371,0.000127311,0,20,0,505000,0,0,0,20,228.882,6.86646,7.53593,6.86646,33.3333,30.3721,33.3333,0.455581
omp,4,0,tall,1500x1000x20,1500x1000x20,1000x1000x20,20,50000000,30000000,0.99,dynamic,0,11.444,11.513,610.352,0.65231,3001038,0.0000002174,2.9705814720,0.0092012693,0,20,0,1.07569,505000,0,505000,151500,101000,0.5,0.3177,0.217166,0.462935,0,20,0,505000,0,0,0,20,228.882,6.86646,7.53593,6.86646,33.3333,30.3721,33.3333,0.455581
omp,8,0,tall,1500x1000x20,1500x1000x20,1000x1000x20,20,50000000,30000000,0.99,dynamic,0,11.444,11.513,610.352,0.386195,3001038,0.0000001287,5.0175170574,0.0155415787,0,20,0,1.2589,505000,0,505000,75750,50500,0.5,0.184507,0.131105,0.407318,0,20,0,505000,0,0,0,20,228.882,6.86646,7.53593,6.86646,33.3333,30.3721,33.3333,0.455581
omp,16,0,tall,1500x1000x20,1500x1000x20,1000x1000x20,20,50000000,30000000,0.99,dynamic,0,11.444,11.513,610.352,0.30669,3001038,0.0000001022,6.3182366559,0.0195705109,0,20,0,1.49018,505000,0,505000,50500,25250,1,0.132281,0.0780413,0.695014,0,20,0,505000,0,0,0,20,228.882,6.86646,7.53593,6.86646,33.3333,30.3721,33.3333,0.455581
omp,32,0,tall,1500x1000x20,1500x1000x20,1000x1000x20,20,50000000,30000000,0.99,dynamic,0,11.444,11.513,610.352,0.268843,3001038,0.0000000896,7.2077011490,0.0223255952,0,20,0,2.00774,505000,0,505000,25250,25250,0,0.113696,0.0885842,0.283481,0,20,0,505000,0,0,0,20,228.882,6.86646,7.53593,6.86646,33.3333,30.3721,33.3333,0.455581
omp,36,0,tall,1500x1000x20,1500x1000x20,1000x1000x20,20,50000000,30000000,0.99,dynamic,0,11.444,11.513,610.352,0.277964,3001038,0.0000000926,6.9711905139,0.0215930120,0,20,0,2.13243,505000,0,505000,25250,25250,0,0.122006,0.0802298,0.520707,0,20,0,505000,0,0,0,20,228.882,6.86646,7.53593,6.86646,33.3333,30.3721,33.3333,0.455581
omp,64,1,tall,1500x1000x20,1500x1000x20,1000x1000x20,20,50000000,30000000,0.99,dynamic,0,11.444,11.513,610.352,0.298265,3001038,0.0000000994,6.4967059494,0.0201233132,0,20,0,2.10247,505000,0,505000,25250,25250,0,0.118584,0.0786476,0.507783,0,20,0,505000,0,0,0,20,228.882,6.86646,7.53593,6.86646,33.3333,30.3721,33.3333,0.455581
omp,72,1,tall,1500x1000x20,1500x1000x20,1000x1000x20,20,50000000,30000000,0.99,dynamic,0,11.444,11.513,610.352,0.308818,3001038,0.0000001029,6.2746990137,0.0194356547,0,20,0,2.26015,505000,0,505000,25250,25250,0,0.127305,0.0890529,0.429541,0,20,0,505000,0,0,0,20,228.882,6.86646,7.53593,6.86646,33.3333,30.3721,33.3333,0.455581
hybrid,1,0,tall,1500x1000x20,1500x1000x20,1000x1000x20,20,50000000,30000000,0.99,dynamic,0,11.444,11.513,610.352,1.91193,3001038,0.0000006371,1.0134994482,0.0031392781,0,20,0,0.959744,505000,0,505000,505000,505000,0,0.959744,0.959744,0,0,20,0,505000,0,0,0,20,228.882,6.86646,7.53593,6.86646,33.3333,30.3721,33.3333,0.455581
hybrid,2,0,tall,1500x1000x20,1500x1000x20,1000x1000x20,20,50000000,30000000,0.99,dynamic,0,11.444,11.513,610.352,1.01606,3001038,0.0000003386,1.9071117847,0.0059072102,0,20,0,0.997677,505000,0,505000,252500,252500,0,0.499504,0.498174,0.00266979,0,20,0,505000,0,0,0,20,228.882,6.86646,7.53593,6.86646,33.3333,30.3721,33.3333,0.455581
hybrid,4,0,tall,1500x1000x20,1500x1000x20,1000x1000x20,20,50000000,30000000,0.99,dynamic,0,11.444,11.513,610.352,0.640228,3001038,0.0000002133,3.0266405093,0.0093749102,0,20,0,1.06147,505000,0,505000,151500,101000,0.5,0.313245,0.217479,0.440347,0,20,0,505000,0,0,0,20,228.882,6.86646,7.53593,6.86646,33.3333,30.3721,33.3333,0.455581
hybrid,8,0,tall,1500x1000x20,1500x1000x20,1000x1000x20,20,50000000,30000000,0.99,dynamic,0,11.444,11.513,610.352,0.384185,3001038,0.0000001280,5.0437679764,0.0156228900,0,20,0,1.23674,505000,0,505000,75750,50500,0.5,0.181234,0.128843,0.406624,0,20,0,505000,0,0,0,20,228.882,6.86646,7.53593,6.86646,33.3333,30.3721,33.3333,0.455581
hybrid,16,0,tall,1500x1000x20,1500x1000x20,1000x1000x20,20,50000000,30000000,0.99,dynamic,0,11.444,11.513,610.352,0.30996,3001038,0.0000001033,6.2515808491,0.0193640470,0,20,0,1.49514,505000,0,505000,50500,25250,1,0.13235,0.0786517,0.682738,0,20,0,505000,0,0,0,20,228.882,6.86646,7.53593,6.86646,33.3333,30.3721,33.3333,0.455581
hybrid,32,0,tall,1500x1000x20,1500x1000x20,1000x1000x20,20,50000000,30000000,0.99,dynamic,0,11.444,11.513,610.352,0.265303,3001038,0.0000000884,7.3038751918,0.0226234909,0,20,0,1.93842,505000,0,505000,25250,25250,0,0.106905,0.0862551,0.239401,0,20,0,505000,0,0,0,20,228.882,6.86646,7.53593,6.86646,33.3333,30.3721,33.3333,0.455581
hybrid,36,0,tall,1500x1000x20,1500x1000x20,1000x1000x20,20,50000000,30000000,0.99,dynamic,0,11.444,11.513,610.352,0.266857,3001038,0.0000000889,7.2613422170,0.0224917465,0,20,0,1.96038,505000,0,505000,25250,25250,0,0.109889,0.0851716,0.290202,0,20,0,505000,0,0,0,20,228.882,6.86646,7.53593,6.86646,33.3333,30.3721,33.3333,0.455581
hybrid,64,1,tall,1500x1000x20,1500x1000x20,1000x1000x20,20,50000000,30000000,0.99,dynamic,0,11.444,11.513,610.352,0.300702,3001038,0.0000001002,6.4440542464,0.0199602264,0,20,0,2.13391,505000,0,505000,25250,25250,0,0.123993,0.0756598,0.638827,0,20,0,505000,0,0,0,20,228.882,6.86646,7.53593,6.86646,33.3333,30.3721,33.3333,0.455581
hybrid,72,1,tall,1500x1000x20,1500x1000x20,1000x1000x20,20,50000000,30000000,0.99,dynamic,0,11.444,11.513,610.352,0.308064,3001038,0.0000001027,6.2900566116,0.0194832243,0,20,0,2.24598,505000,0,505000,25250,25250,0,0.125411,0.0816919,0.535174,0,20,0,505000,0,0,0,20,228.882,6.86646,7.53593,6.86646,33.3333,30.3721,33.3333,0.455581
serial,1,0,wide,1000x1500x20,1000x1000x20,1000x1500x20,20,50000000,30000000,0.99,none,0,11.444,11.513,610.352,1.77982,2998508,0.0000005936,1.0,0.0033694531,0,20,0,0.905189,505000,0,505000,0,0,0,0,0,0,0,20,0,505000,0,0,0,20,152.588,4.57764,4.85229,4.57764,33.3333,31.4465,33.3333,0.471698
cuda,1,0,wide,1000x1500x20,1000x1000x20,1000x1500x20,20,50000000,30000000,0.99,none,0,11.444,11.513,610.352,1.75019,2998508,0.0000005837,1.0169295905,0.0034264966,0,20,0,0.867233,505000,0,505000,0,0,0,0,0,0,0,20,0,505000,0,0,0,20,152.588,4.57764,4.85229,4.57764,33.3333,31.4465,33.3333,0.471698
omp,1,0,wide,1000x1500x20,1000x1000x20,1000x1500x20,20,50000000,30000000,0.99,dynamic,0,11.444,11.513,610.352,1.78228,2998508,0.0000005944,0.9986197455,0.0033648024,0,20,0,0.905611,505000,0,505000,505000,505000,0,0.905611,0.905611,0,0,20,0,505000,0,0,0,20,152.588,4.57764,4.85229,4.57764,33.3333,31.4465,33.3333,0.471698
omp,2,0,wide,1000x1500x20,1000x1000x20,1000x1500x20,20,50000000,30000000,0.99,dynamic,0,11.444,11.513,610.352,0.964422,2998508,0.0000003216,1.8454784316,0.0062182530,0,20,0,0.951964,505000,0,505000,252500,252500,0,0.480399,0.471565,0.0187343,0,20,0,505000,0,0,0,20,152.588,4.57764,4.85229,4.57764,33.3333,31.4465,33.3333,0.471698
omp,4,0,wide,1000x1500x20,1000x1000x20,1000x1500x20,20,50000000,30000000,0.99,dynamic,0,11.444,11.513,610.352,0.59824,2998508,0.0000001995,2.9750936079,0.0100244384,0,20,0,1.01367,505000,0,505000,151500,101000,0.5,0.296124,0.210728,0.405245,0,20,0,505000,0,0,0,20,152.588,4.57764,4.85229,4.57764,33.3333,31.4465,33.3333,0.471698
omp,8,0,wide,1000x1500x20,1000x1000x20,1000x1500x20,20,50000000,30000000,0.99,dynamic,0,11.444,11.513,610.352,0.363034,2998508,0.0000001211,4.9026262003,0.0165191690,0,20,0,1.16946,505000,0,505000,75750,50500,0.5,0.171995,0.124075,0.386213,0,20,0,505000,0,0,0,20,152.588,4.57764,4.85229,4.57764,33.3333,31.4465,33.3333,0.471698
omp,16,0,wide,1000x1500x20,1000x1000x20,1000x1500x20,20,50000000,30000000,0.99,dynamic,0,11.444,11.513,610.352,0.302565,2998508,0.0000001009,5.8824384843,0.0198206005,0,20,0,1.45678,505000,0,505000,50500,25250,1,0.131479,0.0779294,0.68716,0,20,0,505000,0,0,0,20,152.588,4.57764,4.85229,4.57764,33.3333,31.4465,33.3333,0.471698
omp,32,0,wide,1000x1500x20,1000x1000x20,1000x1500x20,20,50000000,30000000,0.99,dynamic,0,11.444,11.513,610.352,0.25989,2998508,0.0000000867,6.8483589211,0.0230752241,0,20,0,1.84027,505000,0,505000,25250,25250,0,0.102572,0.0843613,0.215862,0,20,0,505000,0,0,0,20,152.588,4.57764,4.85229,4.57764,33.3333,31.4465,33.3333,0.471698
omp,36,0,wide,1000x1500x20,1000x1000x20,1000x1500x20,20,50000000,30000000,0.99,dynamic,0,11.444,11.513,610.352,0.259641,2998508,0.0000000866,6.8549266102,0.0230973537,0,20,0,1.89155,505000,0,505000,25250,25250,0,0.105198,0.0854666,0.230871,0,20,0,505000,0,0,0,20,152.588,4.57764,4.85229,4.57764,33.3333,31.4465,33.3333,0.471698
omp,64,1,wide,1000x1500x20,1000x1000x20,1000x1500x20,20,50000000,30000000,0.99,dynamic,0,11.444,11.513,610.352,0.303902,2998508,0.0000001014,5.8565590223,0.0197334009,0,20,0,2.06201,505000,0,505000,25250,25250,0,0.126996,0.0749965,0.693354,0,20,0,505000,0,0,0,20,152.588,4.57764,4.85229,4.57764,33.3333,31.4465,33.3333,0.471698
omp,72,1,wide,1000x1500x20,1000x1000x20,1000x1500x20,20,50000000,30000000,0.99,dynamic,0,11.444,11.513,610.352,0.31618,2998508,0.0000001054,5.6291353027,0.0189671073,0,20,0,2.38124,505000,0,505000,25250,25250,0,0.137201,0.0986749,0.390435,0,20,0,505000,0,0,0,20,152.588,4.57764,4.85229,4.57764,33.3333,31.4465,33.3333,0.471698
hybrid,1,0,wide,1000x1500x20,1000x1000x20,1000x1500x20,20,50000000,30000000,0.99,dynamic,0,11.444,11.513,610.352,1.75533,2998508,0.0000005854,1.0139517925,0.0034164630,0,20,0,0.878081,505000,0,505000,505000,505000,0,0.878081,0.878081,0,0,20,0,505000,0,0,0,20,152.588,4.57764,4.85229,4.57764,33.3333,31.4465,33.3333,0.471698
hybrid,2,0,wide,1000x1500x20,1000x1000x20,1000x1500x20,20,50000000,30000000,0.99,dynamic,0,11.444,11.513,610.352,0.955264,2998508,0.0000003186,1.8631708093,0.0062778666,0,20,0,0.934499,505000,0,505000,252500,252500,0,0.467756,0.466743,0.00216968,0,20,0,505000,0,0,0,20,152.588,4.57764,4.85229,4.57764,33.3333,31.4465,33.3333,0.471698
hybrid,4,0,wide,1000x1500x20,1000x1000x20,1000x1500x20,20,50000000,30000000,0.99,dynamic,0,11.444,11.513,610.352,0.590923,2998508,0.0000001971,3.0119321807,0.0101485642,0,20,0,0.991199,505000,0,505000,151500,101000,0.5,0.292293,0.203876,0.433682,0,20,0,505000,0,0,0,20,152.588,4.57764,4.85229,4.57764,33.3333,31.4465,33.3333,0.471698
hybrid,8,0,wide,1000x1500x20,1000x1000x20,1000x1500x20,20,50000000,30000000,0.99,dynamic,0,11.444,11.513,610.352,0.361623,2998508,0.0000001206,4.9217555299,0.0165836244,0,20,0,1.16129,505000,0,505000,75750,50500,0.5,0.171485,0.124302,0.379584,0,20,0,505000,0,0,0,20,152.588,4.57764,4.85229,4.57764,33.3333,31.4465,33.3333,0.471698
hybrid,16,0,wide,1000x1500x20,1000x1000x20,1000x1500x20,20,50000000,30000000,0.99,dynamic,0,11.444,11.513,610.352,0.302483,2998508,0.0000001009,5.8840331523,0.0198259737,0,20,0,1.40822,505000,0,505000,50500,25250,1,0.125908,0.0736227,0.710175,0,20,0,505000,0,0,0,20,152.588,4.57764,4.85229,4.57764,33.3333,31.4465,33.3333,0.471698
hybrid,32,0,wide,1000x1500x20,1000x1000x20,1000x1500x20,20,50000000,30000000,0.99,dynamic,0,11.444,11.513,610.352,0.259792,2998508,0.0000000866,6.8509422923,0.0230839287,0,20,0,1.88868,505000,0,505000,25250,25250,0,0.105695,0.084501,0.250814,0,20,0,505000,0,0,0,20,152.588,4.57764,4.85229,4.57764,33.3333,31.4465,33.3333,0.471698
hybrid,36,0,wide,1000x1500x20,1000x1000x20,1000x1500x20,20,50000000,30000000,0.99,dynamic,0,11.444,11.513,610.352,0.262414,2998508,0.0000000875,6.7824887392,0.0228532776,0,20,0,1.88697,505000,0,505000,25250,25250,0,0.10642,0.0827462,0.286102,0,20,0,505000,0,0,0,20,152.588,4.57764,4.85229,4.57764,33.3333,31.4465,33.3333,0.471698
hybrid,64,1,wide,1000x1500x20,1000x1000x20,1000x1500x20,20,50000000,30000000,0.99,dynamic,0,11.444,11.513,610.352,0.303167,2998508,0.0000001011,5.8707577012,0.0197812427,0,20,0,2.14615,505000,0,505000,25250,25250,0,0.124208,0.0738215,0.682545,0,20,0,505000,0,0,0,20,152.588,4.57764,4.85229,4.57764,33.3333,31.4465,33.3333,0.471698
hybrid,72,1,wide,1000x1500x20,1000x1000x20,1000x1500x20,20,50000000,30000000,0.99,dynamic,0,11.444,11.513,610.352,0.307387,2998508,0.0000001025,5.7901602865,0.0195096735,0,20,0,2.22312,505000,0,505000,25250,25250,0,0.125828,0.0956925,0.314915,0,20,0,505000,0,0,0,20,152.588,4.57764,4.85229,4.57764,33.3333,31.4465,33.3333,0.471698
serial,1,0,square,2000x2000x40,2000x2000x40,2000x2000x40,40,320000000,160000000,0.99,none,0,73.242,73.608,3662.109,24.2621,32002043,0.0000007581,1.0,0.0026380280,0,40,0,11.9403,3.232e+06,0,3.232e+06,0,0,0,0,0,0,0,40,0,3.232e+06,0,0,0,40,1220.7,36.6211,33.8974,36.6211,33.3333,36.0117,33.3333,0.540176
cuda,1,0,square,2000x2000x40,2000x2000x40,2000x2000x40,40,320000000,160000000,0.99,none,0,73.242,73.608,3662.109,24.3149,32002043,0.0000007598,0.9978284920,0.0026322995,0,40,0,12.0383,3.232e+06,0,3.232e+06,0,0,0,0,0,0,0,40,0,3.232e+06,0,0,0,40,1220.7,36.6211,33.8974,36.6211,33.3333,36.0117,33.3333,0.540176
omp,1,0,square,2000x2000x40,2000x2000x40,2000x2000x40,40,320000000,160000000,0.99,dynamic,0,73.242,73.608,3662.109,24.2046,32002043,0.0000007563,1.0023755815,0.0026442949,0,40,0,12.3484,3.232e+06,0,3.232e+06,3.232e+06,3.232e+06,0,12.3484,12.3484,0,0,40,0,3.232e+06,0,0,0,40,1220.7,36.6211,33.8974,36.6211,33.3333,36.0117,33.3333,0.540176
omp,2,0,square,2000x2000x40,2000x2000x40,2000x2000x40,40,320000000,160000000,0.99,dynamic,0,73.242,73.608,3662.109,14.9212,32002043,0.0000004663,1.6260153339,0.0042894740,0,40,0,14.4794,3.232e+06,0,3.232e+06,1.616e+06,1.616e+06,0,7.41894,7.06043,0.0507768,0,40,0,3.232e+06,0,0,0,40,1220.7,36.6211,33.8974,36.6211,33.3333,36.0117,33.3333,0.540176
omp,4,0,square,2000x2000x40,2000x2000x40,2000x2000x40,40,320000000,160000000,0.99,dynamic,0,73.242,73.608,3662.109,8.6098,32002043,0.0000002690,2.8179632512,0.0074338661,0,40,0,16.765,3.232e+06,0,3.232e+06,808000,808000,0,4.25239,4.09753,0.0377935,0,40,0,3.232e+06,0,0,0,40,1220.7,36.6211,33.8974,36.6211,33.3333,36.0117,33.3333,0.540176
omp,8,0,square,2000x2000x40,2000x2000x40,2000x2000x40,40,320000000,160000000,0.99,dynamic,0,73.242,73.608,3662.109,5.64121,32002043,0.0000001763,4.3008680762,0.0113458106,0,40,0,18.797,3.232e+06,0,3.232e+06,484800,323200,0.5,2.76877,1.93632,0.429912,0,40,0,3.232e+06,0,0,0,40,1220.7,36.6211,33.8974,36.6211,33.3333,36.0117,33.3333,0.540176
omp,16,0,square,2000x2000x40,2000x2000x40,2000x2000x40,40,320000000,160000000,0.99,dynamic,0,73.242,73.608,3662.109,3.37157,32002043,0.0000001054,7.1960837236,0.0189834706,0,40,0,22.139,3.232e+06,0,3.232e+06,242400,161600,0.5,1.63368,1.14459,0.427305,0,40,0,3.232e+06,0,0,0,40,1220.7,36.6211,33.8974,36.6211,33.3333,36.0117,33.3333,0.540176
omp,32,0,square,2000x2000x40,2000x2000x40,2000x2000x40,40,320000000,160000000,0.99,dynamic,0,73.242,73.608,3662.109,2.96832,32002043,0.0000000928,8.1736807352,0.0215623989,0,40,0,30.1348,3.232e+06,0,3.232e+06,161600,80800,1,1.30822,0.78935,0.657334,0,40,0,3.232e+06,0,0,0,40,1220.7,36.6211,33.8974,36.6211,33.3333,36.0117,33.3333,0.540176
omp,36,0,square,2000x2000x40,2000x2000x40,2000x2000x40,40,320000000,160000000,0.99,dynamic,0,73.242,73.608,3662.109,3.01674,32002043,0.0000000943,8.0424895748,0.0212163130,0,40,0,33.1406,3.232e+06,0,3.232e+06,161600,80800,1,1.29486,0.803104,0.612314,0,40,0,3.232e+06,0,0,0,40,1220.7,36.6211,33.8974,36.6211,33.3333,36.0117,33.3333,0.540176
omp,64,1,square,2000x2000x40,2000x2000x40,2000x2000x40,40,320000000,160000000,0.99,dynamic,0,73.242,73.608,3662.109,2.57158,32002043,0.0000000804,9.4347055118,0.0248890176,0,40,0,36.165,3.232e+06,0,3.232e+06,80800,80800,0,1.01635,0.694963,0.462456,0,40,0,3.232e+06,0,0,0,40,1220.7,36.6211,33.8974,36.6211,33.3333,36.0117,33.3333,0.540176
omp,72,1,square,2000x2000x40,2000x2000x40,2000x2000x40,40,320000000,160000000,0.99,dynamic,0,73.242,73.608,3662.109,2.5938,32002043,0.0000000811,9.3538823348,0.0246758038,0,40,0,37.6545,3.232e+06,0,3.232e+06,80800,80800,0,1.071,0.658572,0.62625,0,40,0,3.232e+06,0,0,0,40,1220.7,36.6211,33.8974,36.6211,33.3333,36.0117,33.3333,0.540176
hybrid,1,0,square,2000x2000x40,2000x2000x40,2000x2000x40,40,320000000,160000000,0.99,dynamic,0,73.242,73.608,3662.109,24.432,32002043,0.0000007635,0.9930460052,0.0026196832,0,40,0,12.1279,3.232e+06,0,3.232e+06,3.232e+06,3.232e+06,0,12.1279,12.1279,0,0,40,0,3.232e+06,0,0,0,40,1220.7,36.6211,33.8974,36.6211,33.3333,36.0117,33.3333,0.540176
hybrid,2,0,square,2000x2000x40,2000x2000x40,2000x2000x40,40,320000000,160000000,0.99,dynamic,0,73.242,73.608,3662.109,14.5059,32002043,0.0000004533,1.6725677138,0.0044122805,0,40,0,13.9785,3.232e+06,0,3.232e+06,1.616e+06,1.616e+06,0,7.07284,6.90565,0.0242113,0,40,0,3.232e+06,0,0,0,40,1220.7,36.6211,33.8974,36.6211,33.3333,36.0117,33.3333,0.540176
hybrid,4,0,square,2000x2000x40,2000x2000x40,2000x2000x40,40,320000000,160000000,0.99,dynamic,0,73.242,73.608,3662.109,8.6025,32002043,0.0000002688,2.8203545481,0.0074401744,0,40,0,16.4528,3.232e+06,0,3.232e+06,808000,808000,0,4.28836,4.01926,0.0669538,0,40,0,3.232e+06,0,0,0,40,1220.7,36.6211,33.8974,36.6211,33.3333,36.0117,33.3333,0.540176
hybrid,8,0,square,2000x2000x40,2000x2000x40,2000x2000x40,40,320000000,160000000,0.99,dynamic,0,73.242,73.608,3662.109,5.57543,32002043,0.0000001742,4.3516105484,0.0114796706,0,40,0,18.4923,3.232e+06,0,3.232e+06,484800,323200,0.5,2.72906,1.89515,0.440025,0,40,0,3.232e+06,0,0,0,40,1220.7,36.6211,33.8974,36.6211,33.3333,36.0117,33.3333,0.540176
hybrid,16,0,square,2000x2000x40,2000x2000x40,2000x2000x40,40,320000000,160000000,0.99,dynamic,0,73.242,73.608,3662.109,3.32677,32002043,0.0000001040,7.2929898971,0.0192391118,0,40,0,21.6437,3.232e+06,0,3.232e+06,242400,161600,0.5,1.59177,1.11298,0.430183,0,40,0,3.232e+06,0,0,0,40,1220.7,36.6211,33.8974,36.6211,33.3333,36.0117,33.3333,0.540176
hybrid,32,0,square,2000x2000x40,2000x2000x40,2000x2000x40,40,320000000,160000000,0.99,dynamic,0,73.242,73.608,3662.109,2.96416,32002043,0.0000000926,8.1851519486,0.0215926603,0,40,0,30.2669,3.232e+06,0,3.232e+06,161600,80800,1,1.29904,0.788102,0.648313,0,40,0,3.232e+06,0,0,0,40,1220.7,36.6211,33.8974,36.6211,33.3333,36.0117,33.3333,0.540176
hybrid,36,0,square,2000x2000x40,2000x2000x40,2000x2000x40,40,320000000,160000000,0.99,dynamic,0,73.242,73.608,3662.109,3.00434,32002043,0.0000000939,8.0756838440,0.0213038804,0,40,0,33.0894,3.232e+06,0,3.232e+06,161600,80800,1,1.2954,0.840502,0.541219,0,40,0,3.232e+06,0,0,0,40,1220.7,36.6211,33.8974,36.6211,33.3333,36.0117,33.3333,0.540176
hybrid,64,1,square,2000x2000x40,2000x2000x40,2000x2000x40,40,320000000,160000000,0.99,dynamic,0,73.242,73.608,3662.109,2.60298,32002043,0.0000000813,9.3208937449,0.0245887790,0,40,0,36.1707,3.232e+06,0,3.232e+06,80800,80800,0,1.0385,0.688045,0.509345,0,40,0,3.232e+06,0,0,0,40,1220.7,36.6211,33.8974,36.6211,33.3333,36.0117,33.3333,0.540176
hybrid,72,1,square,2000x2000x40,2000x2000x40,2000x2000x40,40,320000000,160000000,0.99,dynamic,0,73.242,73.608,3662.109,2.55462,32002043,0.0000000798,9.4973420704,0.0250542546,0,40,0,37.3977,3.232e+06,0,3.232e+06,80800,80800,0,1.03813,0.772562,0.343747,0,40,0,3.232e+06,0,0,0,40,1220.7,36.6211,33.8974,36.6211,33.3333,36.0117,33.3333,0.540176
serial,1,0,tall,2666x2000x40,2666x2000x40,2000x2000x40,40,373280000,213280000,0.99,none,0,85.437,85.925,4475.098,35.4263,42658235,0.0000008305,1.0,0.0024082814,0,40,0,17.7594,3.77013e+06,0,3.77013e+06,0,0,0,0,0,0,0,40,0,3.77013e+06,0,0,0,40,1627.2,48.8159,46.2836,48.8159,33.3333,35.1571,33.3333,0.527357
cuda,1,0,tall,2666x2000x40,2666x2000x40,2000x2000x40,40,373280000,213280000,0.99,none,0,85.437,85.925,4475.098,34.2322,42658235,0.0000008025,1.0348823622,0.0024922880,0,40,0,16.8481,3.77013e+06,0,3.77013e+06,0,0,0,0,0,0,0,40,0,3.77013e+06,0,0,0,40,1627.2,48.8159,46.2836,48.8159,33.3333,35.1571,33.3333,0.527357
omp,1,0,tall,2666x2000x40,2666x2000x40,2000x2000x40,40,373280000,213280000,0.99,dynamic,0,85.437,85.925,4475.098,35.0432,42658235,0.0000008215,1.0109322208,0.0024346093,0,40,0,17.3726,3.77013e+06,0,3.77013e+06,3.77013e+06,3.77013e+06,0,17.3726,17.3726,0,0,40,0,3.77013e+06,0,0,0,40,1627.2,48.8159,46.2836,48.8159,33.3333,35.1571,33.3333,0.527357
omp,2,0,tall,2666x2000x40,2666x2000x40,2000x2000x40,40,373280000,213280000,0.99,dynamic,0,85.437,85.925,4475.098,20.6925,42658235,0.0000004851,1.7120357617,0.0041230639,0,40,0,20.1916,3.77013e+06,0,3.77013e+06,1.88506e+06,1.88506e+06,0,10.2526,9.93901,0.0315511,0,40,0,3.77013e+06,0,0,0,40,1627.2,48.8159,46.2836,48.8159,33.3333,35.1571,33.3333,0.527357
omp,4,0,tall,2666x2000x40,2666x2000x40,2000x2000x40,40,373280000,213280000,0.99,dynamic,0,85.437,85.925,4475.098,11.9993,42658235,0.0000002813,2.9523638879,0.0071101231,0,40,0,23.1399,3.77013e+06,0,3.77013e+06,942532,942532,0,5.93471,5.57139,0.0652119,0,40,0,3.77013e+06,0,0,0,40,1627.2,48.8159,46.2836,48.8159,33.3333,35.1571,33.3333,0.527357
omp,8,0,tall,2666x2000x40,2666x2000x40,2000x2000x40,40,373280000,213280000,0.99,dynamic,0,85.437,85.925,4475.098,7.75551,42658235,0.0000001818,4.5678878630,0.0110007595,0,40,0,25.7274,3.77013e+06,0,3.77013e+06,565519,377013,0.5,3.80968,2.65315,0.435911,0,40,0,3.77013e+06,0,0,0,40,1627.2,48.8159,46.2836,48.8159,33.3333,35.1571,33.3333,0.527357
omp,16,0,tall,2666x2000x40,2666x2000x40,2000x2000x40,40,373280000,213280000,0.99,dynamic,0,85.437,85.925,4475.098,4.56244,42658235,0.0000001070,7.7647706052,0.0186997528,0,40,0,30.0101,3.77013e+06,0,3.77013e+06,282760,188506,0.5,2.22202,1.55195,0.431761,0,40,0,3.77013e+06,0,0,0,40,1627.2,48.8159,46.2836,48.8159,33.3333,35.1571,33.3333,0.527357
omp,32,0,tall,2666x2000x40,2666x2000x40,2000x2000x40,40,373280000,213280000,0.99,dynamic,0,85.437,85.925,4475.098,4.03093,42658235,0.0000000945,8.7886170189,0.0211654631,0,40,0,41.2745,3.77013e+06,0,3.77013e+06,188506,94253.2,1,1.79363,1.0944,0.63892,0,40,0,3.77013e+06,0,0,0,40,1627.2,48.8159,46.2836,48.8159,33.3333,35.1571,33.3333,0.527357
omp,36,0,tall,2666x2000x40,2666x2000x40,2000x2000x40,40,373280000,213280000,0.99,dynamic,0,85.437,85.925,4475.098,4.08302,42658235,0.0000000957,8.6764943596,0.0208954401,0,40,0,44.5206,3.77013e+06,0,3.77013e+06,188506,94253.2,1,1.76732,1.08212,0.633193,0,40,0,3.77013e+06,0,0,0,40,1627.2,48.8159,46.2836,48.8159,33.3333,35.1571,33.3333,0.527357
omp,64,1,tall,2666x2000x40,2666x2000x40,2000x2000x40,40,373280000,213280000,0.99,dynamic,0,85.437,85.925,4475.098,3.5004,42658235,0.0000000821,10.1206433550,0.0243733573,0,40,0,49.8716,3.77013e+06,0,3.77013e+06,94253.2,94253.2,0,1.44752,0.957648,0.511539,0,40,0,3.77013e+06,0,0,0,40,1627.2,48.8159,46.2836,48.8159,33.3333,35.1571,33.3333,0.527357
omp,72,1,tall,2666x2000x40,2666x2000x40,2000x2000x40,40,373280000,213280000,0.99,dynamic,0,85.437,85.925,4475.098,3.3676,42658235,0.0000000789,10.5197470008,0.0253345112,0,40,0,49.5216,3.77013e+06,0,3.77013e+06,94253.2,94253.2,0,1.37135,0.905901,0.513793,0,40,0,3.77013e+06,0,0,0,40,1627.2,48.8159,46.2836,48.8159,33.3333,35.1571,33.3333,0.527357
hybrid,1,0,tall,2666x2000x40,2666x2000x40,2000x2000x40,40,373280000,213280000,0.99,dynamic,0,85.437,85.925,4475.098,35.1196,42658235,0.0000008233,1.0087330152,0.0024293130,0,40,0,17.4366,3.77013e+06,0,3.77013e+06,3.77013e+06,3.77013e+06,0,17.4366,17.4366,0,0,40,0,3.77013e+06,0,0,0,40,1627.2,48.8159,46.2836,48.8159,33.3333,35.1571,33.3333,0.527357
hybrid,2,0,tall,2666x2000x40,2666x2000x40,2000x2000x40,40,373280000,213280000,0.99,dynamic,0,85.437,85.925,4475.098,21.0375,42658235,0.0000004932,1.6839595960,0.0040554486,0,40,0,20.7344,3.77013e+06,0,3.77013e+06,1.88506e+06,1.88506e+06,0,10.5149,10.2195,0.0289101,0,40,0,3.77013e+06,0,0,0,40,1627.2,48.8159,46.2836,48.8159,33.3333,35.1571,33.3333,0.527357
hybrid,4,0,tall,2666x2000x40,2666x2000x40,2000x2000x40,40,373280000,213280000,0.99,dynamic,0,85.437,85.925,4475.098,11.968,42658235,0.0000002806,2.9600852273,0.0071287182,0,40,0,23.4505,3.77013e+06,0,3.77013e+06,942532,942532,0,5.89416,5.8038,0.0155696,0,40,0,3.77013e+06,0,0,0,40,1627.2,48.8159,46.2836,48.8159,33.3333,35.1571,33.3333,0.527357
hybrid,8,0,tall,2666x2000x40,2666x2000x40,2000x2000x40,40,373280000,213280000,0.99,dynamic,0,85.437,85.925,4475.098,7.76873,42658235,0.0000001821,4.5601147163,0.0109820395,0,40,0,25.8603,3.77013e+06,0,3.77013e+06,565519,377013,0.5,3.82945,2.64915,0.445539,0,40,0,3.77013e+06,0,0,0,40,1627.2,48.8159,46.2836,48.8159,33.3333,35.1571,33.3333,0.527357
hybrid,16,0,tall,2666x2000x40,2666x2000x40,2000x2000x40,40,373280000,213280000,0.99,dynamic,0,85.437,85.925,4475.098,4.53326,42658235,0.0000001063,7.8147514151,0.0188201206,0,40,0,29.7828,3.77013e+06,0,3.77013e+06,282760,188506,0.5,2.20685,1.54182,0.431324,0,40,0,3.77013e+06,0,0,0,40,1627.2,48.8159,46.2836,48.8159,33.3333,35.1571,33.3333,0.527357
hybrid,32,0,tall,2666x2000x40,2666x2000x40,2000x2000x40,40,373280000,213280000,0.99,dynamic,0,85.437,85.925,4475.098,4.01176,42658235,0.0000000940,8.8306129978,0.0212666012,0,40,0,40.9733,3.77013e+06,0,3.77013e+06,188506,94253.2,1,1.77558,1.07888,0.645759,0,40,0,3.77013e+06,0,0,0,40,1627.2,48.8159,46.2836,48.8159,33.3333,35.1571,33.3333,0.527357
hybrid,36,0,tall,2666x2000x40,2666x2000x40,2000x2000x40,40,373280000,213280000,0.99,dynamic,0,85.437,85.925,4475.098,4.01922,42658235,0.0000000942,8.8142226601,0.0212271286,0,40,0,43.9749,3.77013e+06,0,3.77013e+06,188506,94253.2,1,1.73914,1.04504,0.664195,0,40,0,3.77013e+06,0,0,0,40,1627.2,48.8159,46.2836,48.8159,33.3333,35.1571,33.3333,0.527357
hybrid,64,1,tall,2666x2000x40,2666x2000x40,2000x2000x40,40,373280000,213280000,0.99,dynamic,0,85.437,85.925,4475.098,3.46082,42658235,0.0000000811,10.2363890639,0.0246521056,0,40,0,48.8045,3.77013e+06,0,3.77013e+06,94253.2,94253.2,0,1.39949,0.949412,0.47406,0,40,0,3.77013e+06,0,0,0,40,1627.2,48.8159,46.2836,48.8159,33.3333,35.1571,33.3333,0.527357
hybrid,72,1,tall,2666x2000x40,2666x2000x40,2000x2000x40,40,373280000,213280000,0.99,dynamic,0,85.437,85.925,4475.098,3.46552,42658235,0.0000000812,10.2225062905,0.0246186719,0,40,0,51.2302,3.77013e+06,0,3.77013e+06,94253.2,94253.2,0,1.43063,1.04483,0.369241,0,40,0,3.77013e+06,0,0,0,40,1627.2,48.8159,46.2836,48.8159,33.3333,35.1571,33.3333,0.527357
serial,1,0,wide,2000x2666x40,2000x2000x40,2000x2666x40,40,373280000,213280000,0.99,none,0,85.437,85.925,4475.098,35.2803,42659464,0.0000008270,1.0,0.0024183156,0,40,0,17.4924,3.77013e+06,0,3.77013e+06,0,0,0,0,0,0,0,40,0,3.77013e+06,0,0,0,40,1220.7,36.6211,33.8974,36.6211,33.3333,36.0117,33.3333,0.540176
cuda,1,0,wide,2000x2666x40,2000x2000x40,2000x2666x40,40,373280000,213280000,0.99,none,0,85.437,85.925,4475.098,34.8299,42659464,0.0000008165,1.0129314181,0.0024495879,0,40,0,17.2977,3.77013e+06,0,3.77013e+06,0,0,0,0,0,0,0,40,0,3.77013e+06,0,0,0,40,1220.7,36.6211,33.8974,36.6211,33.3333,36.0117,33.3333,0.540176
omp,1,0,wide,2000x2666x40,2000x2000x40,2000x2666x40,40,373280000,213280000,0.99,dynamic,0,85.437,85.925,4475.098,35.0736,42659464,0.0000008222,1.0058933215,0.0024325675,0,40,0,17.371,3.77013e+06,0,3.77013e+06,3.77013e+06,3.77013e+06,0,17.371,17.371,0,0,40,0,3.77013e+06,0,0,0,40,1220.7,36.6211,33.8974,36.6211,33.3333,36.0117,33.3333,0.540176
omp,2,0,wide,2000x2666x40,2000x2000x40,2000x2666x40,40,373280000,213280000,0.99,dynamic,0,85.437,85.925,4475.098,20.8189,42659464,0.0000004880,1.6946284386,0.0040981464,0,40,0,20.3231,3.77013e+06,0,3.77013e+06,1.88506e+06,1.88506e+06,0,10.2513,10.0718,0.0178232,0,40,0,3.77013e+06,0,0,0,40,1220.7,36.6211,33.8974,36.6211,33.3333,36.0117,33.3333,0.540176
omp,4,0,wide,2000x2666x40,2000x2000x40,2000x2666x40,40,373280000,213280000,0.99,dynamic,0,85.437,85.925,4475.098,12.0561,42659464,0.0000002826,2.9263443402,0.0070768242,0,40,0,23.441,3.77013e+06,0,3.77013e+06,942532,942532,0,5.99108,5.74269,0.0432519,0,40,0,3.77013e+06,0,0,0,40,1220.7,36.6211,33.8974,36.6211,33.3333,36.0117,33.3333,0.540176
omp,8,0,wide,2000x2666x40,2000x2000x40,2000x2666x40,40,373280000,213280000,0.99,dynamic,0,85.437,85.925,4475.098,7.66867,42659464,0.0000001798,4.6005761103,0.0111256450,0,40,0,25.4088,3.77013e+06,0,3.77013e+06,565519,377013,0.5,3.76757,2.6147,0.440915,0,40,0,3.77013e+06,0,0,0,40,1220.7,36.6211,33.8974,36.6211,33.3333,36.0117,33.3333,0.540176
omp,16,0,wide,2000x2666x40,2000x2000x40,2000x2666x40,40,373280000,213280000,0.99,dynamic,0,85.437,85.925,4475.098,4.51577,42659464,0.0000001059,7.8126875372,0.0188935442,0,40,0,29.466,3.77013e+06,0,3.77013e+06,282760,188506,0.5,2.17347,1.52643,0.423893,0,40,0,3.77013e+06,0,0,0,40,1220.7,36.6211,33.8974,36.6211,33.3333,36.0117,33.3333,0.540176
omp,32,0,wide,2000x2666x40,2000x2000x40,2000x2666x40,40,373280000,213280000,0.99,dynamic,0,85.437,85.925,4475.098,3.98173,42659464,0.0000000933,8.8605455418,0.0214275955,0,40,0,41.1181,3.77013e+06,0,3.77013e+06,188506,94253.2,1,1.78617,1.0997,0.624236,0,40,0,3.77013e+06,0,0,0,40,1220.7,36.6211,33.8974,36.6211,33.3333,36.0117,33.3333,0.540176
omp,36,0,wide,2000x2666x40,2000x2000x40,2000x2666x40,40,373280000,213280000,0.99,dynamic,0,85.437,85.925,4475.098,4.03888,42659464,0.0000000947,8.7351691558,0.0211243959,0,40,0,44.1109,3.77013e+06,0,3.77013e+06,188506,94253.2,1,1.74758,1.06409,0.642327,0,40,0,3.77013e+06,0,0,0,40,1220.7,36.6211,33.8974,36.6211,33.3333,36.0117,33.3333,0.540176
omp,64,1,wide,2000x2666x40,2000x2000x40,2000x2666x40,40,373280000,213280000,0.99,dynamic,0,85.437,85.925,4475.098,3.38916,42659464,0.0000000794,10.4097475481,0.0251740549,0,40,0,48.6833,3.77013e+06,0,3.77013e+06,94253.2,94253.2,0,1.37281,0.975471,0.40733,0,40,0,3.77013e+06,0,0,0,40,1220.7,36.6211,33.8974,36.6211,33.3333,36.0117,33.3333,0.540176
omp,72,1,wide,2000x2666x40,2000x2000x40,2000x2666x40,40,373280000,213280000,0.99,dynamic,0,85.437,85.925,4475.098,3.41273,42659464,0.0000000800,10.3378526869,0.0250001905,0,40,0,50.2385,3.77013e+06,0,3.77013e+06,94253.2,94253.2,0,1.39623,1.03534,0.348571,0,40,0,3.77013e+06,0,0,0,40,1220.7,36.6211,33.8974,36.6211,33.3333,36.0117,33.3333,0.540176
hybrid,1,0,wide,2000x2666x40,2000x2000x40,2000x2666x40,40,373280000,213280000,0.99,dynamic,0,85.437,85.925,4475.098,34.7983,42659464,0.0000008157,1.0138512514,0.0024518123,0,40,0,17.388,3.77013e+06,0,3.77013e+06,3.77013e+06,3.77013e+06,0,17.388,17.388,0,0,40,0,3.77013e+06,0,0,0,40,1220.7,36.6211,33.8974,36.6211,33.3333,36.0117,33.3333,0.540176
hybrid,2,0,wide,2000x2666x40,2000x2000x40,2000x2666x40,40,373280000,213280000,0.99,dynamic,0,85.437,85.925,4475.098,20.4113,42659464,0.0000004785,1.7284690343,0.0041799836,0,40,0,19.7117,3.77013e+06,0,3.77013e+06,1.88506e+06,1.88506e+06,0,10.0164,9.69529,0.0331233,0,40,0,3.77013e+06,0,0,0,40,1220.7,36.6211,33.8974,36.6211,33.3333,36.0117,33.3333,0.540176
hybrid,4,0,wide,2000x2666x40,2000x2000x40,2000x2666x40,40,373280000,213280000,0.99,dynamic,0,85.437,85.925,4475.098,11.8218,42659464,0.0000002771,2.9843424859,0.0072170820,0,40,0,22.975,3.77013e+06,0,3.77013e+06,942532,942532,0,5.86106,5.57833,0.0506839,0,40,0,3.77013e+06,0,0,0,40,1220.7,36.6211,33.8974,36.6211,33.3333,36.0117,33.3333,0.540176
hybrid,8,0,wide,2000x2666x40,2000x2000x40,2000x2666x40,40,373280000,213280000,0.99,dynamic,0,85.437,85.925,4475.098,7.6785,42659464,0.0000001800,4.5946864622,0.0111114020,0,40,0,25.3361,3.77013e+06,0,3.77013e+06,565519,377013,0.5,3.79919,2.62083,0.449612,0,40,0,3.77013e+06,0,0,0,40,1220.7,36.6211,33.8974,36.6211,33.3333,36.0117,33.3333,0.540176
hybrid,16,0,wide,2000x2666x40,2000x2000x40,2000x2666x40,40,373280000,213280000,0.99,dynamic,0,85.437,85.925,4475.098,4.49047,42659464,0.0000001053,7.8567054228,0.0189999933,0,40,0,29.5563,3.77013e+06,0,3.77013e+06,282760,188506,0.5,2.17818,1.51274,0.439896,0,40,0,3.77013e+06,0,0,0,40,1220.7,36.6211,33.8974,36.6211,33.3333,36.0117,33.3333,0.540176
hybrid,32,0,wide,2000x2666x40,2000x2000x40,2000x2666x40,40,373280000,213280000,0.99,dynamic,0,85.437,85.925,4475.098,3.99733,42659464,0.0000000937,8.8259663325,0.0213439721,0,40,0,41.1799,3.77013e+06,0,3.77013e+06,188506,94253.2,1,1.77532,1.07986,0.644025,0,40,0,3.77013e+06,0,0,0,40,1220.7,36.6211,33.8974,36.6211,33.3333,36.0117,33.3333,0.540176
hybrid,36,0,wide,2000x2666x40,2000x2000x40,2000x2666x40,40,373280000,213280000,0.99,dynamic,0,85.437,85.925,4475.098,4.04648,42659464,0.0000000949,8.7187629742,0.0210847205,0,40,0,44.4562,3.77013e+06,0,3.77013e+06,188506,94253.2,1,1.75797,1.1037,0.592801,0,40,0,3.77013e+06,0,0,0,40,1220.7,36.6211,33.8974,36.6211,33.3333,36.0117,33.3333,0.540176
hybrid,64,1,wide,2000x2666x40,2000x2000x40,2000x2666x40,40,373280000,213280000,0.99,dynamic,0,85.437,85.925,4475.098,3.39062,42659464,0.0000000795,10.4052651138,0.0251632150,0,40,0,48.1899,3.77013e+06,0,3.77013e+06,94253.2,94253.2,0,1.36601,0.946962,0.442522,0,40,0,3.77013e+06,0,0,0,40,1220.7,36.6211,33.8974,36.6211,33.3333,36.0117,33.3333,0.540176
hybrid,72,1,wide,2000x2666x40,2000x2000x40,2000x2666x40,40,373280000,213280000,0.99,dynamic,0,85.437,85.925,4475.098,3.40393,42659464,0.0000000798,10.3645785900,0.0250648221,0,40,0,50.6995,3.77013e+06,0,3.77013e+06,94253.2,94253.2,0,1.43638,0.887439,0.618562,0,40,0,3.77013e+06,0,0,0,40,1220.7,36.6211,33.8974,36.6211,33.3333,36.0117,33.3333,0.540176
serial,1,0,square,3500x3500x70,3500x3500x70,3500x3500x70,70,1715000000,857500000,0.99,none,0,392.532,394.495,19626.617,357.713,300115200,0.0000011919,1.0,0.0016779653,0,70,0,177.705,1.73215e+07,0,1.73215e+07,0,0,0,0,0,0,0,70,0,1.73215e+07,0,0,0,70,6542.21,196.266,162.981,196.266,33.3333,40.1409,33.3333,0.602114
cuda,1,0,square,3500x3500x70,3500x3500x70,3500x3500x70,70,1715000000,857500000,0.99,none,0,392.532,394.495,19626.617,355.749,300115200,0.0000011854,1.0055207464,0.0016872289,0,70,0,170.457,1.73215e+07,0,1.73215e+07,0,0,0,0,0,0,0,70,0,1.73215e+07,0,0,0,70,6542.21,196.266,162.981,196.266,33.3333,40.1409,33.3333,0.602114
omp,1,0,square,3500x3500x70,3500x3500x70,3500x3500x70,70,1715000000,857500000,0.99,dynamic,0,392.532,394.495,19626.617,353.89,300115200,0.0000011792,1.0108027918,0.0016960920,0,70,0,173.819,1.73215e+07,0,1.73215e+07,1.73215e+07,1.73215e+07,0,173.819,173.819,0,0,70,0,1.73215e+07,0,0,0,70,6542.21,196.266,162.981,196.266,33.3333,40.1409,33.3333,0.602114
omp,2,0,square,3500x3500x70,3500x3500x70,3500x3500x70,70,1715000000,857500000,0.99,dynamic,0,392.532,394.495,19626.617,198.098,300115200,0.0000006601,1.8057375642,0.0030299650,0,70,0,192.026,1.73215e+07,0,1.73215e+07,8.9082e+06,8.4133e+06,0.0588235,98.3,93.726,0.0488022,0,70,0,1.73215e+07,0,0,0,70,6542.21,196.266,162.981,196.266,33.3333,40.1409,33.3333,0.602114
omp,4,0,square,3500x3500x70,3500x3500x70,3500x3500x70,70,1715000000,857500000,0.99,dynamic,0,392.532,394.495,19626.617,123.529,300115200,0.0000004116,2.8957815574,0.0048590210,0,70,0,202.955,1.73215e+07,0,1.73215e+07,5.4439e+06,3.9592e+06,0.375,60.9514,47.1213,0.293501,0,70,0,1.73215e+07,0,0,0,70,6542.21,196.266,162.981,196.266,33.3333,40.1409,33.3333,0.602114
omp,8,0,square,3500x3500x70,3500x3500x70,3500x3500x70,70,1715000000,857500000,0.99,dynamic,0,392.532,394.495,19626.617,72.1251,300115200,0.0000002403,4.9596187735,0.0083220682,0,70,0,219.594,1.73215e+07,0,1.73215e+07,2.9694e+06,1.9796e+06,0.5,35.8551,25.3456,0.414645,0,70,0,1.73215e+07,0,0,0,70,6542.21,196.266,162.981,196.266,33.3333,40.1409,33.3333,0.602114
omp,16,0,square,3500x3500x70,3500x3500x70,3500x3500x70,70,1715000000,857500000,0.99,dynamic,0,392.532,394.495,19626.617,40.6568,300115200,0.0000001355,8.7983559946,0.0147633360,0,70,0,248.838,1.73215e+07,0,1.73215e+07,1.4847e+06,989800,0.5,20.0508,14.1375,0.418268,0,70,0,1.73215e+07,0,0,0,70,6542.21,196.266,162.981,196.266,33.3333,40.1409,33.3333,0.602114
omp,32,0,square,3500x3500x70,3500x3500x70,3500x3500x70,70,1715000000,857500000,0.99,dynamic,0,392.532,394.495,19626.617,27.7226,300115200,0.0000000924,12.9032991134,0.0216512881,0,70,0,347.992,1.73215e+07,0,1.73215e+07,742350,494900,0.5,13.3541,9.93881,0.343628,0,70,0,1.73215e+07,0,0,0,70,6542.21,196.266,162.981,196.266,33.3333,40.1409,33.3333,0.602114
omp,36,0,square,3500x3500x70,3500x3500x70,3500x3500x70,70,1715000000,857500000,0.99,dynamic,0,392.532,394.495,19626.617,23.2173,300115200,0.0000000774,15.4071748222,0.0258527047,0,70,0,370.334,1.73215e+07,0,1.73215e+07,494900,247450,1,10.8712,5.53313,0.964749,0,70,0,1.73215e+07,0,0,0,70,6542.21,196.266,162.981,196.266,33.3333,40.1409,33.3333,0.602114
omp,64,1,square,3500x3500x70,3500x3500x70,3500x3500x70,70,1715000000,857500000,0.99,dynamic,0,392.532,394.495,19626.617,24.9589,300115200,0.0000000832,14.3320819427,0.0240487361,0,70,0,505.723,1.73215e+07,0,1.73215e+07,494900,247450,1,10.0731,5.69775,0.767912,0,70,0,1.73215e+07,0,0,0,70,6542.21,196.266,162.981,196.266,33.3333,40.1409,33.3333,0.602114
omp,72,1,square,3500x3500x70,3500x3500x70,3500x3500x70,70,1715000000,857500000,0.99,dynamic,0,392.532,394.495,19626.617,22.3026,300115200,0.0000000743,16.0390716777,0.0269130057,0,70,0,558.048,1.73215e+07,0,1.73215e+07,247450,247450,0,8.38888,6.77794,0.237673,0,70,0,1.73215e+07,0,0,0,70,6542.21,196.266,162.981,196.266,33.3333,40.1409,33.3333,0.602114
hybrid,1,0,square,3500x3500x70,3500x3500x70,3500x3500x70,70,1715000000,857500000,0.99,dynamic,0,392.532,394.495,19626.617,351.395,300115200,0.0000011709,1.0179797664,0.0017081347,0,70,0,173.338,1.73215e+07,0,1.73215e+07,1.73215e+07,1.73215e+07,0,173.338,173.338,0,0,70,0,1.73215e+07,0,0,0,70,6542.21,196.266,162.981,196.266,33.3333,40.1409,33.3333,0.602114
hybrid,2,0,square,3500x3500x70,3500x3500x70,3500x3500x70,70,1715000000,857500000,0.99,dynamic,0,392.532,394.495,19626.617,196.043,300115200,0.0000006532,1.8246660171,0.0030617263,0,70,0,189.691,1.73215e+07,0,1.73215e+07,8.9082e+06,8.4133e+06,0.0588235,96.8352,92.8559,0.0428555,0,70,0,1.73215e+07,0,0,0,70,6542.21,196.266,162.981,196.266,33.3333,40.1409,33.3333,0.602114
hybrid,4,0,square,3500x3500x70,3500x3500x70,3500x3500x70,70,1715000000,857500000,0.99,dynamic,0,392.532,394.495,19626.617,122.988,300115200,0.0000004098,2.9085195304,0.0048803948,0,70,0,199.535,1.73215e+07,0,1.73215e+07,5.4439e+06,3.9592e+06,0.375,60.7855,45.7617,0.328304,0,70,0,1.73215e+07,0,0,0,70,6542.21,196.266,162.981,196.266,33.3333,40.1409,33.3333,0.602114
hybrid,8,0,square,3500x3500x70,3500x3500x70,3500x3500x70,70,1715000000,857500000,0.99,dynamic,0,392.532,394.495,19626.617,71.3308,300115200,0.0000002377,5.0148463216,0.0084147381,0,70,0,217.695,1.73215e+07,0,1.73215e+07,2.9694e+06,1.9796e+06,0.5,35.4826,24.9901,0.419867,0,70,0,1.73215e+07,0,0,0,70,6542.21,196.266,162.981,196.266,33.3333,40.1409,33.3333,0.602114
hybrid,16,0,square,3500x3500x70,3500x3500x70,3500x3500x70,70,1715000000,857500000,0.99,dynamic,0,392.532,394.495,19626.617,40.7707,300115200,0.0000001359,8.7737762658,0.0147220921,0,70,0,248.91,1.73215e+07,0,1.73215e+07,1.4847e+06,989800,0.5,20.0897,14.1515,0.419616,0,70,0,1.73215e+07,0,0,0,70,6542.21,196.266,162.981,196.266,33.3333,40.1409,33.3333,0.602114
hybrid,32,0,square,3500x3500x70,3500x3500x70,3500x3500x70,70,1715000000,857500000,0.99,dynamic,0,392.532,394.495,19626.617,27.7659,300115200,0.0000000925,12.8831768464,0.0216175237,0,70,0,348.156,1.73215e+07,0,1.73215e+07,742350,494900,0.5,13.2878,9.89071,0.343459,0,70,0,1.73215e+07,0,0,0,70,6542.21,196.266,162.981,196.266,33.3333,40.1409,33.3333,0.602114
hybrid,36,0,square,3500x3500x70,3500x3500x70,3500x3500x70,70,1715000000,857500000,0.99,dynamic,0,392.532,394.495,19626.617,23.1799,300115200,0.0000000772,15.4320337879,0.0258944171,0,70,0,370.113,1.73215e+07,0,1.73215e+07,494900,247450,1,10.8879,5.56995,0.954753,0,70,0,1.73215e+07,0,0,0,70,6542.21,196.266,162.981,196.266,33.3333,40.1409,33.3333,0.602114
hybrid,64,1,square,3500x3500x70,3500x3500x70,3500x3500x70,70,1715000000,857500000,0.99,dynamic,0,392.532,394.495,19626.617,24.6997,300115200,0.0000000823,14.4824835929,0.0243011049,0,70,0,503.306,1.73215e+07,0,1.73215e+07,494900,247450,1,10.0955,5.86878,0.720196,0,70,0,1.73215e+07,0,0,0,70,6542.21,196.266,162.981,196.266,33.3333,40.1409,33.3333,0.602114
hybrid,72,1,square,3500x3500x70,3500x3500x70,3500x3500x70,70,1715000000,857500000,0.99,dynamic,0,392.532,394.495,19626.617,21.9727,300115200,0.0000000732,16.2798836738,0.0273170798,0,70,0,553.959,1.73215e+07,0,1.73215e+07,247450,247450,0,8.37449,5.76232,0.45332,0,70,0,1.73215e+07,0,0,0,70,6542.21,196.266,162.981,196.266,33.3333,40.1409,33.3333,0.602114
serial,1,0,tall,4375x3500x70,4375x3500x70,3500x3500x70,70,1929375000,1071875000,0.99,none,0,441.599,444.052,22897.720,468.523,375171054,0.0000012488,1.0,0.0016015052,0,70,0,229.984,1.94867e+07,0,1.94867e+07,0,0,0,0,0,0,0,70,0,1.94867e+07,0,0,0,70,8177.76,245.333,203.276,245.333,33.3333,40.2299,33.3333,0.603448
cuda,1,0,tall,4375x3500x70,4375x3500x70,3500x3500x70,70,1929375000,1071875000,0.99,none,0,441.599,444.052,22897.720,476.2,375171054,0.0000012693,0.9838786224,0.0015756867,0,70,0,232.23,1.94867e+07,0,1.94867e+07,0,0,0,0,0,0,0,70,0,1.94867e+07,0,0,0,70,8177.76,245.333,203.276,245.333,33.3333,40.2299,33.3333,0.603448
omp,1,0,tall,4375x3500x70,4375x3500x70,3500x3500x70,70,1929375000,1071875000,0.99,dynamic,0,441.599,444.052,22897.720,475.965,375171054,0.0000012687,0.9843643965,0.0015764647,0,70,0,237.141,1.94867e+07,0,1.94867e+07,1.94867e+07,1.94867e+07,0,237.141,237.141,0,0,70,0,1.94867e+07,0,0,0,70,8177.76,245.333,203.276,245.333,33.3333,40.2299,33.3333,0.603448
omp,2,0,tall,4375x3500x70,4375x3500x70,3500x3500x70,70,1929375000,1071875000,0.99,dynamic,0,441.599,444.052,22897.720,259.905,375171054,0.0000006928,1.8026702064,0.0028869856,0,70,0,253.247,1.94867e+07,0,1.94867e+07,1.00217e+07,9.46496e+06,0.0588235,129.604,123.642,0.0482194,0,70,0,1.94867e+07,0,0,0,70,8177.76,245.333,203.276,245.333,33.3333,40.2299,33.3333,0.603448
omp,4,0,tall,4375x3500x70,4375x3500x70,3500x3500x70,70,1929375000,1071875000,0.99,dynamic,0,441.599,444.052,22897.720,161.93,375171054,0.0000004316,2.8933675045,0.0046337430,0,70,0,263.736,1.94867e+07,0,1.94867e+07,6.12439e+06,4.4541e+06,0.375,79.9427,60.6257,0.318628,0,70,0,1.94867e+07,0,0,0,70,8177.76,245.333,203.276,245.333,33.3333,40.2299,33.3333,0.603448
omp,8,0,tall,4375x3500x70,4375x3500x70,3500x3500x70,70,1929375000,1071875000,0.99,dynamic,0,441.599,444.052,22897.720,92.8062,375171054,0.0000002474,5.0484019387,0.0080850417,0,70,0,281.778,1.94867e+07,0,1.94867e+07,3.34058e+06,2.22705e+06,0.5,45.7361,32.4971,0.407391,0,70,0,1.94867e+07,0,0,0,70,8177.76,245.333,203.276,245.333,33.3333,40.2299,33.3333,0.603448
omp,16,0,tall,4375x3500x70,4375x3500x70,3500x3500x70,70,1929375000,1071875000,0.99,dynamic,0,441.599,444.052,22897.720,52.4229,375171054,0.0000001397,8.9373727894,0.0143132486,0,70,0,321.7,1.94867e+07,0,1.94867e+07,1.67029e+06,1.11352e+06,0.5,25.7631,18.469,0.394936,0,70,0,1.94867e+07,0,0,0,70,8177.76,245.333,203.276,245.333,33.3333,40.2299,33.3333,0.603448
omp,32,0,tall,4375x3500x70,4375x3500x70,3500x3500x70,70,1929375000,1071875000,0.99,dynamic,0,441.599,444.052,22897.720,35.7374,375171054,0.0000000953,13.1101591050,0.0209959874,0,70,0,447.517,1.94867e+07,0,1.94867e+07,835144,556762,0.5,17.2703,12.8306,0.346027,0,70,0,1.94867e+07,0,0,0,70,8177.76,245.333,203.276,245.333,33.3333,40.2299,33.3333,0.603448
omp,36,0,tall,4375x3500x70,4375x3500x70,3500x3500x70,70,1929375000,1071875000,0.99,dynamic,0,441.599,444.052,22897.720,29.8562,375171054,0.0000000796,15.6926534522,0.0251318654,0,70,0,477.896,1.94867e+07,0,1.94867e+07,556762,278381,1,14.0322,7.16625,0.958089,0,70,0,1.94867e+07,0,0,0,70,8177.76,245.333,203.276,245.333,33.3333,40.2299,33.3333,0.603448
omp,64,1,tall,4375x3500x70,4375x3500x70,3500x3500x70,70,1929375000,1071875000,0.99,dynamic,0,441.599,444.052,22897.720,31.8731,375171054,0.0000000850,14.6996369980,0.0235415444,0,70,0,655.988,1.94867e+07,0,1.94867e+07,556762,278381,1,13.0544,7.53566,0.732348,0,70,0,1.94867e+07,0,0,0,70,8177.76,245.333,203.276,245.333,33.3333,40.2299,33.3333,0.603448
omp,72,1,tall,4375x3500x70,4375x3500x70,3500x3500x70,70,1929375000,1071875000,0.99,dynamic,0,441.599,444.052,22897.720,28.3632,375171054,0.0000000756,16.5186932363,0.0264547724,0,70,0,702.868,1.94867e+07,0,1.94867e+07,278381,278381,0,10.7428,7.39108,0.453478,0,70,0,1.94867e+07,0,0,0,70,8177.76,245.333,203.276,245.333,33.3333,40.2299,33.3333,0.603448
hybrid,1,0,tall,4375x3500x70,4375x3500x70,3500x3500x70,70,1929375000,1071875000,0.99,dynamic,0,441.599,444.052,22897.720,474.379,375171054,0.0000012644,0.9876554401,0.0015817353,0,70,0,236.271,1.94867e+07,0,1.94867e+07,1.94867e+07,1.94867e+07,0,236.271,236.271,0,0,70,0,1.94867e+07,0,0,0,70,8177.76,245.333,203.276,245.333,33.3333,40.2299,33.3333,0.603448
hybrid,2,0,tall,4375x3500x70,4375x3500x70,3500x3500x70,70,1929375000,1071875000,0.99,dynamic,0,441.599,444.052,22897.720,257.191,375171054,0.0000006855,1.8216928275,0.0029174505,0,70,0,251.642,1.94867e+07,0,1.94867e+07,1.00217e+07,9.46496e+06,0.0588235,127.611,124.031,0.0288679,0,70,0,1.94867e+07,0,0,0,70,8177.76,245.333,203.276,245.333,33.3333,40.2299,33.3333,0.603448
hybrid,4,0,tall,4375x3500x70,4375x3500x70,3500x3500x70,70,1929375000,1071875000,0.99,dynamic,0,441.599,444.052,22897.720,160.412,375171054,0.0000004276,2.9207478244,0.0046775927,0,70,0,262.078,1.94867e+07,0,1.94867e+07,6.12439e+06,4.4541e+06,0.375,79.4856,60.0573,0.323496,0,70,0,1.94867e+07,0,0,0,70,8177.76,245.333,203.276,245.333,33.3333,40.2299,33.3333,0.603448
hybrid,8,0,tall,4375x3500x70,4375x3500x70,3500x3500x70,70,1929375000,1071875000,0.99,dynamic,0,441.599,444.052,22897.720,93.2244,375171054,0.0000002485,5.0257550598,0.0080487726,0,70,0,282.15,1.94867e+07,0,1.94867e+07,3.34058e+06,2.22705e+06,0.5,46.1199,32.4202,0.422566,0,70,0,1.94867e+07,0,0,0,70,8177.76,245.333,203.276,245.333,33.3333,40.2299,33.3333,0.603448
hybrid,16,0,tall,4375x3500x70,4375x3500x70,3500x3500x70,70,1929375000,1071875000,0.99,dynamic,0,441.599,444.052,22897.720,52.9569,375171054,0.0000001412,8.8472512553,0.0141689185,0,70,0,322.676,1.94867e+07,0,1.94867e+07,1.67029e+06,1.11352e+06,0.5,26.083,18.4931,0.410421,0,70,0,1.94867e+07,0,0,0,70,8177.76,245.333,203.276,245.333,33.3333,40.2299,33.3333,0.603448
hybrid,32,0,tall,4375x3500x70,4375x3500x70,3500x3500x70,70,1929375000,1071875000,0.99,dynamic,0,441.599,444.052,22897.720,35.7483,375171054,0.0000000953,13.1061616916,0.0209895855,0,70,0,447.782,1.94867e+07,0,1.94867e+07,835144,556762,0.5,17.1948,12.7575,0.347824,0,70,0,1.94867e+07,0,0,0,70,8177.76,245.333,203.276,245.333,33.3333,40.2299,33.3333,0.603448
hybrid,36,0,tall,4375x3500x70,4375x3500x70,3500x3500x70,70,1929375000,1071875000,0.99,dynamic,0,441.599,444.052,22897.720,29.9451,375171054,0.0000000798,15.6460656334,0.0250572548,0,70,0,478.573,1.94867e+07,0,1.94867e+07,556762,278381,1,14.1025,7.14719,0.973154,0,70,0,1.94867e+07,0,0,0,70,8177.76,245.333,203.276,245.333,33.3333,40.2299,33.3333,0.603448
hybrid,64,1,tall,4375x3500x70,4375x3500x70,3500x3500x70,70,1929375000,1071875000,0.99,dynamic,0,441.599,444.052,22897.720,31.735,375171054,0.0000000846,14.7636048527,0.0236439893,0,70,0,645.927,1.94867e+07,0,1.94867e+07,556762,278381,1,12.9533,7.33652,0.765586,0,70,0,1.94867e+07,0,0,0,70,8177.76,245.333,203.276,245.333,33.3333,40.2299,33.3333,0.603448
hybrid,72,1,tall,4375x3500x70,4375x3500x70,3500x3500x70,70,1929375000,1071875000,0.99,dynamic,0,441.599,444.052,22897.720,28.4559,375171054,0.0000000758,16.4648807453,0.0263685914,0,70,0,710.514,1.94867e+07,0,1.94867e+07,278381,278381,0,10.7766,7.72704,0.394667,0,70,0,1.94867e+07,0,0,0,70,8177.76,245.333,203.276,245.333,33.3333,40.2299,33.3333,0.603448
serial,1,0,wide,3500x4375x70,3500x3500x70,3500x4375x70,70,1929375000,1071875000,0.99,none,0,441.599,444.052,22897.720,472.494,375128200,0.0000012596,1.0,0.0015878635,0,70,0,233.163,1.94867e+07,0,1.94867e+07,0,0,0,0,0,0,0,70,0,1.94867e+07,0,0,0,70,6542.21,196.266,162.981,196.266,33.3333,40.1409,33.3333,0.602114
cuda,1,0,wide,3500x4375x70,3500x3500x70,3500x4375x70,70,1929375000,1071875000,0.99,none,0,441.599,444.052,22897.720,477.771,375128200,0.0000012736,0.9889549596,0.0015703255,0,70,0,231.592,1.94867e+07,0,1.94867e+07,0,0,0,0,0,0,0,70,0,1.94867e+07,0,0,0,70,6542.21,196.266,162.981,196.266,33.3333,40.1409,33.3333,0.602114
omp,1,0,wide,3500x4375x70,3500x3500x70,3500x4375x70,70,1929375000,1071875000,0.99,dynamic,0,441.599,444.052,22897.720,468.516,375128200,0.0000012489,1.0084906385,0.0016013455,0,70,0,230.506,1.94867e+07,0,1.94867e+07,1.94867e+07,1.94867e+07,0,230.506,230.506,0,0,70,0,1.94867e+07,0,0,0,70,6542.21,196.266,162.981,196.266,33.3333,40.1409,33.3333,0.602114
omp,2,0,wide,3500x4375x70,3500x3500x70,3500x4375x70,70,1929375000,1071875000,0.99,dynamic,0,441.599,444.052,22897.720,261.467,375128200,0.0000006970,1.8070884662,0.0028694099,0,70,0,252.659,1.94867e+07,0,1.94867e+07,1.00217e+07,9.46496e+06,0.0588235,129.641,123.018,0.0538411,0,70,0,1.94867e+07,0,0,0,70,6542.21,196.266,162.981,196.266,33.3333,40.1409,33.3333,0.602114
omp,4,0,wide,3500x4375x70,3500x3500x70,3500x4375x70,70,1929375000,1071875000,0.99,dynamic,0,441.599,444.052,22897.720,159.829,375128200,0.0000004261,2.9562469890,0.0046941168,0,70,0,259.777,1.94867e+07,0,1.94867e+07,6.12439e+06,4.4541e+06,0.375,78.8387,59.8533,0.317197,0,70,0,1.94867e+07,0,0,0,70,6542.21,196.266,162.981,196.266,33.3333,40.1409,33.3333,0.602114
omp,8,0,wide,3500x4375x70,3500x3500x70,3500x4375x70,70,1929375000,1071875000,0.99,dynamic,0,441.599,444.052,22897.720,93.0945,375128200,0.0000002482,5.0754233601,0.0080590798,0,70,0,279.968,1.94867e+07,0,1.94867e+07,3.34058e+06,2.22705e+06,0.5,46.046,32.1289,0.433165,0,70,0,1.94867e+07,0,0,0,70,6542.21,196.266,162.981,196.266,33.3333,40.1409,33.3333,0.602114
omp,16,0,wide,3500x4375x70,3500x3500x70,3500x4375x70,70,1929375000,1071875000,0.99,dynamic,0,441.599,444.052,22897.720,52.7763,375128200,0.0000001407,8.9527685723,0.0142157749,0,70,0,320.082,1.94867e+07,0,1.94867e+07,1.67029e+06,1.11352e+06,0.5,26.0606,18.4803,0.41018,0,70,0,1.94867e+07,0,0,0,70,6542.21,196.266,162.981,196.266,33.3333,40.1409,33.3333,0.602114
omp,32,0,wide,3500x4375x70,3500x3500x70,3500x4375x70,70,1929375000,1071875000,0.99,dynamic,0,441.599,444.052,22897.720,35.25,375128200,0.0000000940,13.4040851064,0.0212838582,0,70,0,439.91,1.94867e+07,0,1.94867e+07,835144,556762,0.5,17.0762,12.6358,0.351421,0,70,0,1.94867e+07,0,0,0,70,6542.21,196.266,162.981,196.266,33.3333,40.1409,33.3333,0.602114
omp,36,0,wide,3500x4375x70,3500x3500x70,3500x4375x70,70,1929375000,1071875000,0.99,dynamic,0,441.599,444.052,22897.720,29.605,375128200,0.0000000789,15.9599391995,0.0253422057,0,70,0,470.49,1.94867e+07,0,1.94867e+07,556762,278381,1,13.8768,7.06571,0.963962,0,70,0,1.94867e+07,0,0,0,70,6542.21,196.266,162.981,196.266,33.3333,40.1409,33.3333,0.602114
omp,64,1,wide,3500x4375x70,3500x3500x70,3500x4375x70,70,1929375000,1071875000,0.99,dynamic,0,441.599,444.052,22897.720,31.7782,375128200,0.0000000847,14.8684947543,0.0236091409,0,70,0,649.376,1.94867e+07,0,1.94867e+07,556762,278381,1,12.9753,7.29651,0.778293,0,70,0,1.94867e+07,0,0,0,70,6542.21,196.266,162.981,196.266,33.3333,40.1409,33.3333,0.602114
omp,72,1,wide,3500x4375x70,3500x3500x70,3500x4375x70,70,1929375000,1071875000,0.99,dynamic,0,441.599,444.052,22897.720,28.3029,375128200,0.0000000754,16.6941903480,0.0265080963,0,70,0,710.012,1.94867e+07,0,1.94867e+07,278381,278381,0,10.7632,7.6272,0.411158,0,70,0,1.94867e+07,0,0,0,70,6542.21,196.266,162.981,196.266,33.3333,40.1409,33.3333,0.602114
hybrid,1,0,wide,3500x4375x70,3500x3500x70,3500x4375x70,70,1929375000,1071875000,0.99,dynamic,0,441.599,444.052,22897.720,463.035,375128200,0.0000012343,1.0204282614,0.0016203008,0,70,0,228.189,1.94867e+07,0,1.94867e+07,1.94867e+07,1.94867e+07,0,228.189,228.189,0,0,70,0,1.94867e+07,0,0,0,70,6542.21,196.266,162.981,196.266,33.3333,40.1409,33.3333,0.602114
hybrid,2,0,wide,3500x4375x70,3500x3500x70,3500x4375x70,70,1929375000,1071875000,0.99,dynamic,0,441.599,444.052,22897.720,260.216,375128200,0.0000006937,1.8157761245,0.0028832047,0,70,0,251.634,1.94867e+07,0,1.94867e+07,1.00217e+07,9.46496e+06,0.0588235,129.149,122.485,0.0544044,0,70,0,1.94867e+07,0,0,0,70,6542.21,196.266,162.981,196.266,33.3333,40.1409,33.3333,0.602114
hybrid,4,0,wide,3500x4375x70,3500x3500x70,3500x4375x70,70,1929375000,1071875000,0.99,dynamic,0,441.599,444.052,22897.720,160.2,375128200,0.0000004271,2.9494007491,0.0046832459,0,70,0,259.34,1.94867e+07,0,1.94867e+07,6.12439e+06,4.4541e+06,0.375,79.4946,59.6403,0.3329,0,70,0,1.94867e+07,0,0,0,70,6542.21,196.266,162.981,196.266,33.3333,40.1409,33.3333,0.602114
hybrid,8,0,wide,3500x4375x70,3500x3500x70,3500x4375x70,70,1929375000,1071875000,0.99,dynamic,0,441.599,444.052,22897.720,92.227,375128200,0.0000002459,5.1231634988,0.0081348846,0,70,0,277.903,1.94867e+07,0,1.94867e+07,3.34058e+06,2.22705e+06,0.5,45.5686,31.9767,0.425058,0,70,0,1.94867e+07,0,0,0,70,6542.21,196.266,162.981,196.266,33.3333,40.1409,33.3333,0.602114
hybrid,16,0,wide,3500x4375x70,3500x3500x70,3500x4375x70,70,1929375000,1071875000,0.99,dynamic,0,441.599,444.052,22897.720,52.2956,375128200,0.0000001394,9.0350622232,0.0143464460,0,70,0,317.948,1.94867e+07,0,1.94867e+07,1.67029e+06,1.11352e+06,0.5,25.8143,18.2056,0.417928,0,70,0,1.94867e+07,0,0,0,70,6542.21,196.266,162.981,196.266,33.3333,40.1409,33.3333,0.602114
hybrid,32,0,wide,3500x4375x70,3500x3500x70,3500x4375x70,70,1929375000,1071875000,0.99,dynamic,0,441.599,444.052,22897.720,35.3364,375128200,0.0000000942,13.3713111692,0.0212318176,0,70,0,442.646,1.94867e+07,0,1.94867e+07,835144,556762,0.5,17.038,12.7487,0.336443,0,70,0,1.94867e+07,0,0,0,70,6542.21,196.266,162.981,196.266,33.3333,40.1409,33.3333,0.602114
hybrid,36,0,wide,3500x4375x70,3500x3500x70,3500x4375x70,70,1929375000,1071875000,0.99,dynamic,0,441.599,444.052,22897.720,29.5728,375128200,0.0000000788,15.9773169940,0.0253697993,0,70,0,472.725,1.94867e+07,0,1.94867e+07,556762,278381,1,13.9144,7.0435,0.97549,0,70,0,1.94867e+07,0,0,0,70,6542.21,196.266,162.981,196.266,33.3333,40.1409,33.3333,0.602114
hybrid,64,1,wide,3500x4375x70,3500x3500x70,3500x4375x70,70,1929375000,1071875000,0.99,dynamic,0,441.599,444.052,22897.720,31.5042,375128200,0.0000000840,14.9978098158,0.0238144755,0,70,0,647.443,1.94867e+07,0,1.94867e+07,556762,278381,1,12.8526,7.24471,0.774069,0,70,0,1.94867e+07,0,0,0,70,6542.21,196.266,162.981,196.266,33.3333,40.1409,33.3333,0.602114
hybrid,72,1,wide,3500x4375x70,3500x3500x70,3500x4375x70,70,1929375000,1071875000,0.99,dynamic,0,441.599,444.052,22897.720,28.0299,375128200,0.0000000747,16.8567850759,0.0267662746,0,70,0,711.464,1.94867e+07,0,1.94867e+07,278381,278381,0,10.7436,8.65283,0.241623,0,70,0,1.94867e+07,0,0,0,70,6542.21,196.266,162.981,196.266,33.3333,40.1409,33.3333,0.602114
serial,1,0,square,5000x5000x100,5000x5000x100,5000x5000x100,100,5000000000,2500000000,0.99,none,0,1144.409,1150.131,57220.459,1832.26,1250049773,0.0000014657,1.0,0.0013644898,0,100,0,914.618,5.05e+07,0,5.05e+07,0,0,0,0,0,0,0,100,0,5.05e+07,0,0,0,100,19073.5,572.205,443.745,572.205,33.3333,42.983,33.3333,0.644745
cuda,1,0,square,5000x5000x100,5000x5000x100,5000x5000x100,100,5000000000,2500000000,0.99,none,0,1144.409,1150.131,57220.459,1846.56,1250049773,0.0000014772,0.9922558704,0.0013539230,0,100,0,898.678,5.05e+07,0,5.05e+07,0,0,0,0,0,0,0,100,0,5.05e+07,0,0,0,100,19073.5,572.205,443.745,572.205,33.3333,42.983,33.3333,0.644745
omp,1,0,square,5000x5000x100,5000x5000x100,5000x5000x100,100,5000000000,2500000000,0.99,dynamic,0,1144.409,1150.131,57220.459,1829.71,1250049773,0.0000014637,1.0013936635,0.0013663914,0,100,0,912.105,5.05e+07,0,5.05e+07,5.05e+07,5.05e+07,0,912.105,912.105,0,0,100,0,5.05e+07,0,0,0,100,19073.5,572.205,443.745,572.205,33.3333,42.983,33.3333,0.644745
omp,2,0,square,5000x5000x100,5000x5000x100,5000x5000x100,100,5000000000,2500000000,0.99,dynamic,0,1144.409,1150.131,57220.459,975.179,1250049773,0.0000007801,1.8788960796,0.0025637345,0,100,0,954.814,5.05e+07,0,5.05e+07,2.525e+07,2.525e+07,0,484.835,469.979,0.0316087,0,100,0,5.05e+07,0,0,0,100,19073.5,572.205,443.745,572.205,33.3333,42.983,33.3333,0.644745
omp,4,0,square,5000x5000x100,5000x5000x100,5000x5000x100,100,5000000000,2500000000,0.99,dynamic,0,1144.409,1150.131,57220.459,547.417,1250049773,0.0000004379,3.3471010217,0.0045670851,0,100,0,992.013,5.05e+07,0,5.05e+07,1.414e+07,1.212e+07,0.166667,273.875,237.751,0.15194,0,100,0,5.05e+07,0,0,0,100,19073.5,572.205,443.745,572.205,33.3333,42.983,33.3333,0.644745
omp,8,0,square,5000x5000x100,5000x5000x100,5000x5000x100,100,5000000000,2500000000,0.99,dynamic,0,1144.409,1150.131,57220.459,326.319,1250049773,0.0000002610,5.6149350789,0.0076615214,0,100,0,1047.59,5.05e+07,0,5.05e+07,8.08e+06,6.06e+06,0.333333,161.38,125.035,0.29068,0,100,0,5.05e+07,0,0,0,100,19073.5,572.205,443.745,572.205,33.3333,42.983,33.3333,0.644745
omp,16,0,square,5000x5000x100,5000x5000x100,5000x5000x100,100,5000000000,2500000000,0.99,dynamic,0,1144.409,1150.131,57220.459,200.325,1250049773,0.0000001603,9.1464370398,0.0124802196,0,100,0,1178.36,5.05e+07,0,5.05e+07,4.545e+06,3.03e+06,0.5,98.7927,70.6827,0.397693,0,100,0,5.05e+07,0,0,0,100,19073.5,572.205,443.745,572.205,33.3333,42.983,33.3333,0.644745
omp,32,0,square,5000x5000x100,5000x5000x100,5000x5000x100,100,5000000000,2500000000,0.99,dynamic,0,1144.409,1150.131,57220.459,118.162,1250049773,0.0000000945,15.5063387553,0.0211582404,0,100,0,1583.14,5.05e+07,0,5.05e+07,2.02e+06,1.515e+06,0.333333,57.7026,46.6447,0.237065,0,100,0,5.05e+07,0,0,0,100,19073.5,572.205,443.745,572.205,33.3333,42.983,33.3333,0.644745
omp,36,0,square,5000x5000x100,5000x5000x100,5000x5000x100,100,5000000000,2500000000,0.99,dynamic,0,1144.409,1150.131,57220.459,103.139,1250049773,0.0000000825,17.7649579693,0.0242401032,0,100,0,1633.82,5.05e+07,0,5.05e+07,1.515e+06,1.01e+06,0.5,49.758,35.165,0.414987,0,100,0,5.05e+07,0,0,0,100,19073.5,572.205,443.745,572.205,33.3333,42.983,33.3333,0.644745
omp,64,1,square,5000x5000x100,5000x5000x100,5000x5000x100,100,5000000000,2500000000,0.99,dynamic,0,1144.409,1150.131,57220.459,99.0383,1250049773,0.0000000792,18.5005194960,0.0252437693,0,100,0,2214.12,5.05e+07,0,5.05e+07,1.01e+06,505000,1,44.0388,26.3812,0.669324,0,100,0,5.05e+07,0,0,0,100,19073.5,572.205,443.745,572.205,33.3333,42.983,33.3333,0.644745
omp,72,1,square,5000x5000x100,5000x5000x100,5000x5000x100,100,5000000000,2500000000,0.99,dynamic,0,1144.409,1150.131,57220.459,102.379,1250049773,0.0000000819,17.8968343117,0.0244200471,0,100,0,2471.83,5.05e+07,0,5.05e+07,1.01e+06,505000,1,45.4592,28.2535,0.608976,0,100,0,5.05e+07,0,0,0,100,19073.5,572.205,443.745,572.205,33.3333,42.983,33.3333,0.644745
hybrid,1,0,square,5000x5000x100,5000x5000x100,5000x5000x100,100,5000000000,2500000000,0.99,dynamic,0,1144.409,1150.131,57220.459,1803.16,1250049773,0.0000014425,1.0161383349,0.0013865103,0,100,0,889.476,5.05e+07,0,5.05e+07,5.05e+07,5.05e+07,0,889.476,889.476,0,0,100,0,5.05e+07,0,0,0,100,19073.5,572.205,443.745,572.205,33.3333,42.983,33.3333,0.644745
hybrid,2,0,square,5000x5000x100,5000x5000x100,5000x5000x100,100,5000000000,2500000000,0.99,dynamic,0,1144.409,1150.131,57220.459,969.638,1250049773,0.0000007757,1.8896330383,0.0025783849,0,100,0,951.412,5.05e+07,0,5.05e+07,2.525e+07,2.525e+07,0,484.714,466.698,0.0386033,0,100,0,5.05e+07,0,0,0,100,19073.5,572.205,443.745,572.205,33.3333,42.983,33.3333,0.644745
hybrid,4,0,square,5000x5000x100,5000x5000x100,5000x5000x100,100,5000000000,2500000000,0.99,dynamic,0,1144.409,1150.131,57220.459,543.178,1250049773,0.0000004345,3.3732220377,0.0046027269,0,100,0,986.194,5.05e+07,0,5.05e+07,1.414e+07,1.212e+07,0.166667,271.566,235.901,0.151188,0,100,0,5.05e+07,0,0,0,100,19073.5,572.205,443.745,572.205,33.3333,42.983,33.3333,0.644745
hybrid,8,0,square,5000x5000x100,5000x5000x100,5000x5000x100,100,5000000000,2500000000,0.99,dynamic,0,1144.409,1150.131,57220.459,327.509,1250049773,0.0000002620,5.5945332800,0.0076336833,0,100,0,1046.56,5.05e+07,0,5.05e+07,8.08e+06,6.06e+06,0.333333,162.084,125.745,0.288988,0,100,0,5.05e+07,0,0,0,100,19073.5,572.205,443.745,572.205,33.3333,42.983,33.3333,0.644745
hybrid,16,0,square,5000x5000x100,5000x5000x100,5000x5000x100,100,5000000000,2500000000,0.99,dynamic,0,1144.409,1150.131,57220.459,199.204,1250049773,0.0000001594,9.1979076725,0.0125504508,0,100,0,1179.12,5.05e+07,0,5.05e+07,4.545e+06,3.03e+06,0.5,98.7852,70.9017,0.393268,0,100,0,5.05e+07,0,0,0,100,19073.5,572.205,443.745,572.205,33.3333,42.983,33.3333,0.644745
hybrid,32,0,square,5000x5000x100,5000x5000x100,5000x5000x100,100,5000000000,2500000000,0.99,dynamic,0,1144.409,1150.131,57220.459,118.206,1250049773,0.0000000946,15.5005668071,0.0211503646,0,100,0,1575.4,5.05e+07,0,5.05e+07,2.02e+06,1.515e+06,0.333333,57.3677,46.447,0.235123,0,100,0,5.05e+07,0,0,0,100,19073.5,572.205,443.745,572.205,33.3333,42.983,33.3333,0.644745
hybrid,36,0,square,5000x5000x100,5000x5000x100,5000x5000x100,100,5000000000,2500000000,0.99,dynamic,0,1144.409,1150.131,57220.459,103.241,1250049773,0.0000000826,17.7474065536,0.0242161544,0,100,0,1640.08,5.05e+07,0,5.05e+07,1.515e+06,1.01e+06,0.5,49.6838,35.3779,0.404375,0,100,0,5.05e+07,0,0,0,100,19073.5,572.205,443.745,572.205,33.3333,42.983,33.3333,0.644745
hybrid,64,1,square,5000x5000x100,5000x5000x100,5000x5000x100,100,5000000000,2500000000,0.99,dynamic,0,1144.409,1150.131,57220.459,98.21,1250049773,0.0000000786,18.6565522859,0.0254566745,0,100,0,2199.76,5.05e+07,0,5.05e+07,1.01e+06,505000,1,43.7763,26.029,0.681825,0,100,0,5.05e+07,0,0,0,100,19073.5,572.205,443.745,572.205,33.3333,42.983,33.3333,0.644745
hybrid,72,1,square,5000x5000x100,5000x5000x100,5000x5000x100,100,5000000000,2500000000,0.99,dynamic,0,1144.409,1150.131,57220.459,101.961,1250049773,0.0000000816,17.9702042938,0.0245201597,0,100,0,2479.76,5.05e+07,0,5.05e+07,1.01e+06,505000,1,45.3524,28.7263,0.578776,0,100,0,5.05e+07,0,0,0,100,19073.5,572.205,443.745,572.205,33.3333,42.983,33.3333,0.644745
serial,1,0,tall,6250x5000x100,6250x5000x100,5000x5000x100,100,5625000000,3125000000,0.99,none,0,1287.460,1294.613,66757.202,2335.7,1562502956,0.0000014948,1.0,0.0013379330,0,100,0,1158.34,5.68125e+07,0,5.68125e+07,0,0,0,0,0,0,0,100,0,5.68125e+07,0,0,0,100,23841.9,715.256,556.827,715.256,33.3333,42.8174,33.3333,0.642261
cuda,1,0,tall,6250x5000x100,6250x5000x100,5000x5000x100,100,5625000000,3125000000,0.99,none,0,1287.460,1294.613,66757.202,2370.06,1562502956,0.0000015168,0.9855024767,0.0013185362,0,100,0,1164.02,5.68125e+07,0,5.68125e+07,0,0,0,0,0,0,0,100,0,5.68125e+07,0,0,0,100,23841.9,715.256,556.827,715.256,33.3333,42.8174,33.3333,0.642261
omp,1,0,tall,6250x5000x100,6250x5000x100,5000x5000x100,100,5625000000,3125000000,0.99,dynamic,0,1287.460,1294.613,66757.202,2342.78,1562502956,0.0000014994,0.9969779493,0.0013338897,0,100,0,1170.71,5.68125e+07,0,5.68125e+07,5.68125e+07,5.68125e+07,0,1170.71,1170.71,0,0,100,0,5.68125e+07,0,0,0,100,23841.9,715.256,556.827,715.256,33.3333,42.8174,33.3333,0.642261
omp,2,0,tall,6250x5000x100,6250x5000x100,5000x5000x100,100,5625000000,3125000000,0.99,dynamic,0,1287.460,1294.613,66757.202,1234.15,1562502956,0.0000007899,1.8925576308,0.0025321152,0,100,0,1226.6,5.68125e+07,0,5.68125e+07,2.84062e+07,2.84062e+07,0,614.382,612.216,0.0035377,0,100,0,5.68125e+07,0,0,0,100,23841.9,715.256,556.827,715.256,33.3333,42.8174,33.3333,0.642261
omp,4,0,tall,6250x5000x100,6250x5000x100,5000x5000x100,100,5625000000,3125000000,0.99,dynamic,0,1287.460,1294.613,66757.202,706.99,1562502956,0.0000004525,3.3037242394,0.0044201615,0,100,0,1271.66,5.68125e+07,0,5.68125e+07,1.59075e+07,1.3635e+07,0.166667,351.426,306.387,0.147,0,100,0,5.68125e+07,0,0,0,100,23841.9,715.256,556.827,715.256,33.3333,42.8174,33.3333,0.642261
omp,8,0,tall,6250x5000x100,6250x5000x100,5000x5000x100,100,5625000000,3125000000,0.99,dynamic,0,1287.460,1294.613,66757.202,420.053,1562502956,0.0000002688,5.5604887955,0.0074395612,0,100,0,1346.43,5.68125e+07,0,5.68125e+07,9.09e+06,6.8175e+06,0.333333,208.993,161.869,0.291127,0,100,0,5.68125e+07,0,0,0,100,23841.9,715.256,556.827,715.256,33.3333,42.8174,33.3333,0.642261
omp,16,0,tall,6250x5000x100,6250x5000x100,5000x5000x100,100,5625000000,3125000000,0.99,dynamic,0,1287.460,1294.613,66757.202,253.44,1562502956,0.0000001622,9.2159880051,0.0123303741,0,100,0,1495.18,5.68125e+07,0,5.68125e+07,5.11312e+06,3.40875e+06,0.5,125.356,89.8384,0.395353,0,100,0,5.68125e+07,0,0,0,100,23841.9,715.256,556.827,715.256,33.3333,42.8174,33.3333,0.642261
omp,32,0,tall,6250x5000x100,6250x5000x100,5000x5000x100,100,5625000000,3125000000,0.99,dynamic,0,1287.460,1294.613,66757.202,149.333,1562502956,0.0000000956,15.6408831270,0.0209264530,0,100,0,2010.96,5.68125e+07,0,5.68125e+07,2.2725e+06,1.70438e+06,0.333333,72.9289,59.2896,0.230046,0,100,0,5.68125e+07,0,0,0,100,23841.9,715.256,556.827,715.256,33.3333,42.8174,33.3333,0.642261
omp,36,0,tall,6250x5000x100,6250x5000x100,5000x5000x100,100,5625000000,3125000000,0.99,dynamic,0,1287.460,1294.613,66757.202,130.097,1562502956,0.0000000833,17.9535269837,0.0240206154,0,100,0,2070.52,5.68125e+07,0,5.68125e+07,1.70438e+06,1.13625e+06,0.5,62.6042,44.1965,0.416497,0,100,0,5.68125e+07,0,0,0,100,23841.9,715.256,556.827,715.256,33.3333,42.8174,33.3333,0.642261
